tag,segment,log10_length,relative_depth,delta_gc,degree,component_size,n_components,depth_x_length,_raw_len,_raw_depth,_gc
sim01_d50,edge_1,6.67748,1.0,0.0,0,1,2,6.67748,4758623,47.0,0.51106
sim01_d50,edge_2,4.92888,3.51064,0.01251,0,1,2,17.3035,84894,165.0,0.52357
sim01_lig_d15,edge_1,3.88559,10.64286,-0.06226,0,1,11,41.35375,7684,149.0,0.44872
sim01_lig_d15,edge_2,3.74679,1.42857,-0.083,0,1,11,5.35256,5582,20.0,0.42798
sim01_lig_d15,edge_3,4.56103,3.35714,0.00553,3,7,11,15.31203,36394,47.0,0.51651
sim01_lig_d15,edge_4,3.74351,0.07143,-0.02398,0,1,11,0.26739,5540,1.0,0.487
sim01_lig_d15,edge_5,3.65963,0.35714,-0.50376,0,1,11,1.30701,4567,5.0,0.00723
sim01_lig_d15,edge_6,3.51375,1.07143,-0.26098,0,1,11,3.76473,3264,15.0,0.25
sim01_lig_d15,edge_7,6.29458,1.0,0.00343,2,7,11,6.29458,1970513,14.0,0.51441
sim01_lig_d15,edge_8,6.02188,1.0,0.00523,1,7,11,6.02188,1051663,14.0,0.51622
sim01_lig_d15,edge_9,5.80574,0.92857,0.00093,1,7,11,5.39104,639345,13.0,0.51191
sim01_lig_d15,edge_10,6.02136,1.0,-0.01224,2,7,11,6.02136,1050414,14.0,0.49875
sim01_lig_d15,edge_11,3.82033,1.42857,0.00596,2,7,11,5.45762,6612,20.0,0.51694
sim01_lig_d15,edge_12,3.53263,0.07143,-0.02286,0,1,11,0.25233,3409,1.0,0.48812
sim01_lig_d15,edge_13,3.53339,0.71429,-0.02313,0,1,11,2.52385,3415,10.0,0.48785
sim01_lig_d15,edge_14,2.73799,4.92857,0.0466,0,1,11,13.49437,547,69.0,0.55759
sim01_lig_d15,edge_15,3.74695,3.42857,-0.08459,0,1,11,12.84667,5584,48.0,0.4264
sim01_lig_d15,edge_16,3.7428,1.35714,-0.02391,0,1,11,5.07952,5531,19.0,0.48707
sim01_lig_d15,edge_17,4.68577,3.07143,0.01785,1,7,11,14.392,48503,43.0,0.52883
sim01_lig_d30,edge_1,6.56713,1.0,0.00349,2,3,8,6.56713,3690851,28.0,0.5145
sim01_lig_d30,edge_2,6.02136,1.0,-0.01226,2,3,8,6.02136,1050422,28.0,0.49875
sim01_lig_d30,edge_3,3.82099,1.5,0.0053,2,3,8,5.73148,6622,42.0,0.51631
sim01_lig_d30,edge_4,2.93651,1.28571,0.15681,0,1,8,3.77552,864,36.0,0.66782
sim01_lig_d30,edge_5,2.81224,0.07143,-0.00562,2,3,8,0.20087,649,2.0,0.50539
sim01_lig_d30,edge_6,2.93651,2.75,-0.00754,2,3,8,8.07541,864,77.0,0.50347
sim01_lig_d30,edge_7,2.72016,3.85714,-0.00625,2,3,8,10.49204,525,108.0,0.50476
sim01_lig_d30,edge_8,2.91751,0.32143,0.48052,0,1,8,0.93777,827,9.0,0.99154
sim01_lig_d30,edge_9,3.65963,0.17857,-0.50247,0,1,8,0.65351,4567,5.0,0.00854
sim01_lig_d30,edge_10,4.18662,4.14286,-0.06229,0,1,8,17.34456,15368,116.0,0.44872
sim01_lig_d30,edge_11,4.9293,2.85714,0.01305,0,1,8,14.08372,84977,80.0,0.52406
sim01_lig_d30,edge_12,3.35813,0.71429,-0.01167,0,1,8,2.39866,2281,20.0,0.49934
sim01_rap_d15,edge_1,6.21539,1.07692,0.00362,2,12,5,6.69349,1642055,14.0,0.51473
sim01_rap_d15,edge_2,4.37863,3.07692,-0.01088,3,12,5,13.47272,23913,40.0,0.50023
sim01_rap_d15,edge_3,6.00054,1.0,0.00296,1,12,5,6.00054,1001235,13.0,0.51408
sim01_rap_d15,edge_4,5.99129,1.0,0.00415,1,12,5,5.99129,980133,13.0,0.51527
sim01_rap_d15,edge_5,3.62377,2.0,0.01754,2,12,5,7.24753,4205,26.0,0.52866
sim01_rap_d15,edge_6,6.02105,1.0,-0.01236,2,12,5,6.02105,1049658,13.0,0.49875
sim01_rap_d15,edge_7,2.88195,2.23077,-0.04523,4,12,5,6.42898,762,29.0,0.46588
sim01_rap_d15,edge_8,3.04766,3.15385,0.00681,4,12,5,9.61186,1116,41.0,0.51792
sim01_rap_d15,edge_9,3.79183,1.46154,0.00827,3,12,5,5.54191,6192,19.0,0.51938
sim01_rap_d15,edge_10,3.66039,1.46154,0.01697,3,12,5,5.3498,4575,19.0,0.52809
sim01_rap_d15,edge_11,4.41441,0.84615,-0.01404,2,12,5,3.73527,25966,11.0,0.49707
sim01_rap_d15,edge_12,4.09384,0.69231,0.00049,0,1,5,2.8342,12412,9.0,0.5116
sim01_rap_d15,edge_13,3.88559,30.38462,-0.06239,0,1,5,118.06208,7684,395.0,0.44872
sim01_rap_d15,edge_14,2.84819,1.46154,-0.50402,0,1,5,4.16274,705,19.0,0.00709
sim01_rap_d15,edge_15,4.78517,3.30769,0.02161,1,12,5,15.82786,60977,43.0,0.53273
sim01_rap_d15,edge_16,3.36511,0.84615,-0.01327,0,1,5,2.8474,2318,11.0,0.49784
sim01_rap_d30,edge_1,3.81809,1.51852,0.00483,3,11,6,5.79785,6578,41.0,0.51596
sim01_rap_d30,edge_2,6.29664,1.0,0.00355,2,11,6,6.29664,1979880,27.0,0.51468
sim01_rap_d30,edge_3,2.88195,2.33333,-0.04525,4,11,6,6.72456,762,63.0,0.46588
sim01_rap_d30,edge_4,3.63195,2.0,0.01513,2,11,6,7.2639,4285,54.0,0.52625
sim01_rap_d30,edge_5,3.04961,2.74074,0.0143,4,11,6,8.35818,1121,74.0,0.52542
sim01_rap_d30,edge_6,6.21538,1.03704,0.00361,2,11,6,6.44558,1642040,28.0,0.51474
sim01_rap_d30,edge_7,2.79796,3.44444,-0.0159,0,1,6,9.63742,628,93.0,0.49522
sim01_rap_d30,edge_8,2.91169,1.88889,-0.05034,0,1,6,5.49986,816,51.0,0.46078
sim01_rap_d30,edge_9,2.91487,0.0,-0.02208,0,1,6,0.0,822,0.0,0.48905
sim01_rap_d30,edge_10,4.40507,3.55556,-0.01557,3,11,6,15.66248,25414,96.0,0.49555
sim01_rap_d30,edge_11,4.41444,0.85185,-0.01405,2,11,6,3.76045,25968,23.0,0.49707
sim01_rap_d30,edge_12,3.6603,1.51852,0.01686,3,11,6,5.55823,4574,41.0,0.52798
sim01_rap_d30,edge_13,2.8055,2.44444,0.16649,0,1,6,6.85789,639,66.0,0.67762
sim01_rap_d30,edge_14,6.02104,1.0,-0.01235,2,11,6,6.02104,1049634,27.0,0.49878
sim01_rap_d30,edge_15,4.77433,3.25926,0.02441,1,11,6,15.56079,59475,88.0,0.53554
sim01_rap_d30,edge_16,4.18662,11.88889,-0.0624,0,1,6,49.77423,15368,321.0,0.44872
sim02_lig_d15,edge_1,4.65989,1.07143,0.01401,2,25,4,4.99274,45697,15.0,0.52369
sim02_lig_d15,edge_2,5.78986,1.0,0.00985,2,25,4,5.78986,616390,14.0,0.51952
sim02_lig_d15,edge_3,2.91381,1.5,0.01471,4,25,4,4.37072,820,21.0,0.52439
sim02_lig_d15,edge_4,2.86153,2.42857,0.1547,4,25,4,6.94944,727,34.0,0.66437
sim02_lig_d15,edge_5,3.63779,2.92857,0.115,4,25,4,10.65353,4343,41.0,0.62468
sim02_lig_d15,edge_6,2.83378,0.64286,-0.12991,2,25,4,1.82172,682,9.0,0.37977
sim02_lig_d15,edge_7,3.72206,1.5,0.06134,3,25,4,5.58309,5273,21.0,0.57102
sim02_lig_d15,edge_8,3.56146,5.71429,0.05002,3,25,4,20.3512,3643,80.0,0.5597
sim02_lig_d15,edge_9,3.0187,1.64286,0.14837,3,25,4,4.95929,1044,23.0,0.65805
sim02_lig_d15,edge_10,5.24638,1.0,0.01003,2,25,4,5.24638,176351,14.0,0.51971
sim02_lig_d15,edge_11,3.59318,1.64286,0.06215,3,25,4,5.90307,3919,23.0,0.57183
sim02_lig_d15,edge_12,6.08698,1.07143,-0.00246,3,25,4,6.52177,1221753,15.0,0.50722
sim02_lig_d15,edge_13,3.67532,3.71429,0.05167,2,25,4,13.65119,4735,52.0,0.56135
sim02_lig_d15,edge_14,2.94002,4.28571,0.03797,3,25,4,12.60008,871,60.0,0.54765
sim02_lig_d15,edge_15,5.74305,1.0,0.00652,2,25,4,5.74305,553411,14.0,0.5162
sim02_lig_d15,edge_16,6.08424,1.0,-0.00239,2,25,4,6.08424,1214061,14.0,0.50729
sim02_lig_d15,edge_17,3.3948,2.0,-0.01814,3,25,4,6.7896,2482,28.0,0.49154
sim02_lig_d15,edge_18,3.07262,9.64286,0.03939,2,25,4,29.62881,1182,135.0,0.54907
sim02_lig_d15,edge_19,2.94399,8.57143,-0.0057,5,25,4,25.23419,879,120.0,0.50398
sim02_lig_d15,edge_20,3.50461,0.21429,0.04633,1,25,4,0.75099,3196,3.0,0.55601
sim02_lig_d15,edge_21,3.60821,2.07143,-0.0098,3,25,4,7.47414,4057,29.0,0.49988
sim02_lig_d15,edge_22,6.04266,1.07143,-0.00343,2,25,4,6.47428,1103209,15.0,0.50625
sim02_lig_d15,edge_23,3.3784,2.21429,-0.07202,0,1,4,7.48074,2390,31.0,0.43766
sim02_lig_d15,edge_24,3.38166,2.42857,-0.04332,0,1,4,8.21259,2408,34.0,0.46636
sim02_lig_d15,edge_25,3.00903,0.07143,-0.06991,0,1,4,0.21493,1021,1.0,0.43976
sim02_lig_d15,edge_26,4.74534,4.85714,0.01196,1,25,4,23.0488,55634,68.0,0.52164
sim02_lig_d15,edge_27,3.86593,1.57143,0.0023,3,25,4,6.07504,7344,22.0,0.51198
sim02_lig_d15,edge_28,3.43008,9.28571,0.00889,2,25,4,31.8507,2692,130.0,0.51857
sim02_lig_d30,edge_1,2.96284,8.57143,0.0088,4,19,3,25.39579,918,240.0,0.51852
sim02_lig_d30,edge_2,2.9345,9.75,0.03447,3,19,3,28.61136,860,273.0,0.54419
sim02_lig_d30,edge_3,2.79029,4.10714,-0.03646,2,19,3,11.4601,617,115.0,0.47326
sim02_lig_d30,edge_4,2.94052,3.64286,0.04074,4,19,3,10.71188,872,102.0,0.55046
sim02_lig_d30,edge_5,5.7431,1.0,0.00645,2,19,3,5.7431,553483,28.0,0.51617
sim02_lig_d30,edge_6,3.77967,1.57143,0.07324,4,19,3,5.93948,6021,44.0,0.58296
sim02_lig_d30,edge_7,3.5042,0.39286,0.04713,1,19,3,1.37665,3193,11.0,0.55684
sim02_lig_d30,edge_8,3.33385,4.53571,0.01694,4,19,3,15.12139,2157,127.0,0.52666
sim02_lig_d30,edge_9,6.36744,1.0,-0.00285,2,19,3,6.36744,2330426,28.0,0.50687
sim02_lig_d30,edge_10,6.26469,1.03571,0.00167,2,19,3,6.48843,1839468,29.0,0.51138
sim02_lig_d30,edge_11,3.6081,2.10714,-0.00996,3,19,3,7.60278,4056,59.0,0.49975
sim02_lig_d30,edge_12,3.05956,0.85714,-0.00056,2,19,3,2.62248,1147,24.0,0.50915
sim02_lig_d30,edge_13,3.90417,1.28571,-0.00934,2,19,3,5.01965,8020,36.0,0.50037
sim02_lig_d30,edge_14,3.3948,2.07143,-0.01818,3,19,3,7.03209,2482,58.0,0.49154
sim02_lig_d30,edge_15,5.39438,1.03571,0.01562,0,1,3,5.58703,247958,29.0,0.52533
sim02_lig_d30,edge_16,3.63719,2.21429,0.11468,4,19,3,8.05378,4337,62.0,0.62439
sim02_lig_d30,edge_17,3.0187,1.71429,0.14833,3,19,3,5.17492,1044,48.0,0.65805
sim02_lig_d30,edge_18,4.77303,5.0,0.01432,1,19,3,23.86516,59297,140.0,0.52404
sim02_lig_d30,edge_19,3.59715,0.82143,0.05792,2,19,3,2.9548,3955,23.0,0.56764
sim02_lig_d30,edge_20,3.67541,3.71429,0.05173,2,19,3,13.65153,4736,104.0,0.56144
sim02_lig_d30,edge_21,3.84844,1.32143,-0.0504,0,1,3,5.08543,7054,37.0,0.45931
sim02_rap_d15,edge_1,6.25444,1.0,0.00048,2,7,4,6.25444,1796552,14.0,0.5106
sim02_rap_d15,edge_2,3.62066,1.5,0.01634,1,7,4,5.43098,4175,21.0,0.52647
sim02_rap_d15,edge_3,3.87662,2.14286,0.0015,3,7,4,8.30705,7527,30.0,0.51162
sim02_rap_d15,edge_4,6.47041,1.0,-0.00029,3,7,4,6.47041,2953998,14.0,0.50984
sim02_rap_d15,edge_5,2.80754,2.35714,0.14408,2,7,4,6.61776,642,33.0,0.65421
sim02_rap_d15,edge_6,3.63759,0.71429,0.11439,4,7,4,2.59828,4341,10.0,0.62451
sim02_rap_d15,edge_7,3.68851,0.35714,0.48946,0,1,4,1.31732,4881,5.0,0.99959
sim02_rap_d15,edge_8,5.39429,1.0,0.01521,0,1,4,5.39429,247906,14.0,0.52533
sim02_rap_d15,edge_9,4.77305,5.14286,0.01393,1,7,4,24.5471,59299,72.0,0.52406
sim02_rap_d15,edge_10,3.84479,8.21429,-0.05409,0,1,4,31.58218,6995,115.0,0.45604
sim02_rap_d30,edge_1,6.62326,1.0,0.0,3,16,4,6.62326,4200078,28.0,0.50919
sim02_rap_d30,edge_2,2.8055,2.60714,0.14495,3,16,4,7.31434,639,73.0,0.65415
sim02_rap_d30,edge_3,3.63759,0.5,0.11532,4,16,4,1.81879,4341,14.0,0.62451
sim02_rap_d30,edge_4,3.72206,0.46429,0.06183,2,16,4,1.7281,5273,13.0,0.57102
sim02_rap_d30,edge_5,4.77302,5.03571,0.01483,1,16,4,24.03556,59295,141.0,0.52402
sim02_rap_d30,edge_6,5.47869,1.03571,0.00509,2,16,4,5.67436,301087,29.0,0.51429
sim02_rap_d30,edge_7,5.39438,1.0,0.01614,0,1,4,5.39438,247958,28.0,0.52533
sim02_rap_d30,edge_8,3.63639,0.46429,0.05468,0,1,4,1.68832,4329,13.0,0.56387
sim02_rap_d30,edge_9,2.93601,5.14286,0.04353,4,16,4,15.09948,863,144.0,0.55272
sim02_rap_d30,edge_10,5.40759,1.03571,0.01137,2,16,4,5.60072,255618,29.0,0.52057
sim02_rap_d30,edge_11,3.05956,2.07143,-0.00178,3,16,4,6.33767,1147,58.0,0.50741
sim02_rap_d30,edge_12,3.3941,1.89286,-0.01807,3,16,4,6.42455,2478,53.0,0.49112
sim02_rap_d30,edge_13,2.935,9.5,0.03668,3,16,4,27.88253,861,266.0,0.54588
sim02_rap_d30,edge_14,2.98046,8.35714,-0.00083,4,16,4,24.90811,956,234.0,0.50837
sim02_rap_d30,edge_15,3.50379,1.28571,0.04786,2,16,4,4.50487,3190,36.0,0.55705
sim02_rap_d30,edge_16,3.33385,5.53571,0.01885,4,16,4,18.45524,2157,155.0,0.52805
sim02_rap_d30,edge_17,3.60799,0.85714,-0.00956,2,16,4,3.09256,4055,24.0,0.49963
sim02_rap_d30,edge_18,2.72997,4.07143,-0.02689,2,16,4,11.1149,537,114.0,0.48231
sim02_rap_d30,edge_19,3.44107,15.0,-0.03111,0,1,4,51.616,2761,420.0,0.47809
sim03_lig_d15,edge_1,2.96708,1.64286,0.0424,3,31,7,4.87449,927,23.0,0.55016
sim03_lig_d15,edge_2,2.81291,1.21429,-0.0216,3,31,7,3.41568,650,17.0,0.48615
sim03_lig_d15,edge_3,3.63002,2.07143,0.07335,3,31,7,7.51933,4266,29.0,0.58111
sim03_lig_d15,edge_4,5.39415,1.07143,0.01305,2,31,7,5.77944,247827,15.0,0.52081
sim03_lig_d15,edge_5,3.57576,1.14286,0.0516,3,31,7,4.08659,3765,16.0,0.55936
sim03_lig_d15,edge_6,4.92741,1.0,0.03595,2,31,7,4.92741,84608,14.0,0.54371
sim03_lig_d15,edge_7,4.43263,1.28571,0.00352,2,31,7,5.6991,27079,18.0,0.51128
sim03_lig_d15,edge_8,3.86812,2.14286,-0.03086,2,31,7,8.28882,7381,30.0,0.4769
sim03_lig_d15,edge_9,4.56027,1.0,-0.01304,2,31,7,4.56027,36330,14.0,0.49472
sim03_lig_d15,edge_10,5.45666,1.0,0.00384,2,31,7,5.45666,286193,14.0,0.5116
sim03_lig_d15,edge_11,2.91062,3.57143,-0.01881,0,1,7,10.39509,814,50.0,0.48894
sim03_lig_d15,edge_12,2.69984,14.42857,-0.03271,0,1,7,38.9548,501,202.0,0.47505
sim03_lig_d15,edge_13,3.71933,0.42857,0.29224,0,1,7,1.594,5240,6.0,0.8
sim03_lig_d15,edge_14,6.57343,1.0,0.0,2,31,7,6.57343,3744786,14.0,0.50776
sim03_lig_d15,edge_15,3.53453,2.85714,0.05124,2,31,7,10.09867,3424,40.0,0.559
sim03_lig_d15,edge_16,3.08991,1.42857,0.04509,1,31,7,4.41415,1230,20.0,0.55285
sim03_lig_d15,edge_17,3.23779,0.28571,-0.02193,1,31,7,0.92508,1729,4.0,0.48583
sim03_lig_d15,edge_18,3.3822,1.92857,-0.03575,4,31,7,6.52281,2411,27.0,0.472
sim03_lig_d15,edge_19,3.0249,9.71429,0.03143,5,31,7,29.3847,1059,136.0,0.53919
sim03_lig_d15,edge_20,3.20925,11.21429,0.02467,4,31,7,35.98941,1619,157.0,0.53243
sim03_lig_d15,edge_21,2.78176,9.42857,-0.02511,3,31,7,26.22798,605,132.0,0.48264
sim03_lig_d15,edge_22,3.16554,8.85714,0.02571,4,31,7,28.03765,1464,124.0,0.53347
sim03_lig_d15,edge_23,2.8202,7.42857,-0.01003,9,31,7,20.95007,661,104.0,0.49773
sim03_lig_d15,edge_24,2.76418,5.14286,0.0258,5,31,7,14.21576,581,72.0,0.53356
sim03_lig_d15,edge_25,2.97864,1.64286,-0.04767,2,31,7,4.89347,952,23.0,0.46008
sim03_lig_d15,edge_26,5.30453,0.92857,0.01189,2,31,7,4.92563,201617,13.0,0.51964
sim03_lig_d15,edge_27,3.86016,2.0,0.00556,3,31,7,7.72032,7247,28.0,0.51332
sim03_lig_d15,edge_28,3.055,0.5,-0.03904,3,31,7,1.5275,1135,7.0,0.46872
sim03_lig_d15,edge_29,3.29732,2.0,-0.01507,4,31,7,6.59465,1983,28.0,0.49269
sim03_lig_d15,edge_30,3.71088,3.85714,-0.00124,2,31,7,14.31339,5139,54.0,0.50652
sim03_lig_d15,edge_31,3.73304,1.35714,0.03828,2,31,7,5.06626,5408,19.0,0.54604
sim03_lig_d15,edge_32,4.75593,0.85714,0.00792,2,31,7,4.07651,57007,12.0,0.51567
sim03_lig_d15,edge_33,3.62066,0.64286,-0.09267,0,1,7,2.32756,4175,9.0,0.41509
sim03_lig_d15,edge_34,3.62849,6.35714,0.01635,0,1,7,23.06684,4251,89.0,0.52411
sim03_lig_d15,edge_35,4.25952,1.21429,0.01318,4,31,7,5.17228,18177,17.0,0.52093
sim03_lig_d15,edge_36,4.55629,1.07143,0.01778,2,31,7,4.88174,35999,15.0,0.52554
sim03_lig_d15,edge_37,4.85022,2.0,0.02142,0,1,7,9.70043,70830,28.0,0.52918
sim03_lig_d30,edge_1,2.75511,1.93103,-0.01128,0,1,8,5.32022,569,56.0,0.49736
sim03_lig_d30,edge_2,4.46981,1.31034,-0.00063,3,20,8,5.85699,29499,38.0,0.50802
sim03_lig_d30,edge_3,6.60255,1.0,0.0,2,20,8,6.60255,4004516,29.0,0.50865
sim03_lig_d30,edge_4,2.74974,9.17241,-0.01399,3,20,8,25.22172,562,266.0,0.49466
sim03_lig_d30,edge_5,2.76042,3.55172,0.0226,5,20,8,9.80426,576,103.0,0.53125
sim03_lig_d30,edge_6,3.0249,4.17241,0.03054,6,20,8,12.62112,1059,121.0,0.53919
sim03_lig_d30,edge_7,3.28194,4.06897,0.01643,5,20,8,13.35411,1914,118.0,0.52508
sim03_lig_d30,edge_8,3.89768,1.06897,0.00331,3,20,8,4.16649,7901,31.0,0.51196
sim03_lig_d30,edge_9,5.30453,0.93103,0.011,3,20,8,4.9387,201619,27.0,0.51965
sim03_lig_d30,edge_10,3.05308,0.13793,-0.04139,3,20,8,0.42111,1130,4.0,0.46726
sim03_lig_d30,edge_11,5.68823,1.0,0.01183,2,20,8,5.68823,487788,29.0,0.52048
sim03_lig_d30,edge_12,3.73223,0.89655,0.03693,2,20,8,3.34614,5398,26.0,0.54557
sim03_lig_d30,edge_13,3.55133,0.68966,-0.02227,2,20,8,2.44919,3559,20.0,0.48637
sim03_lig_d30,edge_14,3.70286,3.31034,-0.00201,2,20,8,12.25775,5045,96.0,0.50664
sim03_lig_d30,edge_15,3.02816,1.0,0.03774,1,20,8,3.02816,1067,29.0,0.54639
sim03_lig_d30,edge_16,3.61982,0.62069,-0.09372,0,1,8,2.24679,4167,18.0,0.41493
sim03_lig_d30,edge_17,3.53453,2.68966,0.05064,2,20,8,9.50668,3424,78.0,0.55929
sim03_lig_d30,edge_18,2.97864,0.24138,0.15522,0,1,8,0.71898,952,7.0,0.66387
sim03_lig_d30,edge_19,3.71399,2.48276,0.06631,2,20,8,9.22095,5176,72.0,0.57496
sim03_lig_d30,edge_20,4.60308,0.89655,-0.00785,2,20,8,4.1269,40094,26.0,0.5008
sim03_lig_d30,edge_21,3.868,1.86207,-0.03162,2,20,8,7.20248,7379,54.0,0.47703
sim03_lig_d30,edge_22,3.53567,6.72414,0.01451,1,2,8,23.77436,3433,195.0,0.52316
sim03_lig_d30,edge_23,2.91275,6.51724,0.02069,1,2,8,18.98312,818,189.0,0.52934
sim03_lig_d30,edge_24,2.77012,0.68966,0.48966,0,1,8,1.91042,589,20.0,0.9983
sim03_lig_d30,edge_25,2.95665,0.82759,-0.00699,2,3,8,2.44688,905,24.0,0.50166
sim03_lig_d30,edge_26,2.82607,0.96552,-0.00566,2,3,8,2.72862,670,28.0,0.50299
sim03_lig_d30,edge_27,2.71349,4.27586,-0.00768,2,3,8,11.60251,517,124.0,0.50097
sim03_lig_d30,edge_28,4.25978,1.03448,0.0123,4,20,8,4.40667,18188,30.0,0.52095
sim03_lig_d30,edge_29,3.25212,5.41379,0.02297,4,20,8,17.60633,1787,157.0,0.53162
sim03_lig_d30,edge_30,4.85022,2.03448,0.02054,0,1,8,9.86768,70830,59.0,0.52918
sim03_rap_d15,edge_1,3.71542,2.78571,0.06631,2,25,12,10.35009,5193,39.0,0.57558
sim03_rap_d15,edge_2,4.43441,1.07143,-0.00714,3,25,12,4.75115,27190,15.0,0.50213
sim03_rap_d15,edge_3,6.18495,1.0,0.00442,2,25,12,6.18495,1530915,14.0,0.5137
sim03_rap_d15,edge_4,5.54646,1.07143,0.00426,2,25,12,5.94263,351932,15.0,0.51354
sim03_rap_d15,edge_5,6.0751,1.0,-0.00701,3,25,12,6.0751,1188767,14.0,0.50226
sim03_rap_d15,edge_6,6.14161,1.0,0.00113,2,25,12,6.14161,1385515,14.0,0.5104
sim03_rap_d15,edge_7,2.82413,3.57143,-0.01002,6,25,12,10.08616,667,50.0,0.49925
sim03_rap_d15,edge_8,3.25212,9.85714,0.02234,4,25,12,32.05666,1787,138.0,0.53162
sim03_rap_d15,edge_9,3.0249,9.14286,0.02992,6,25,12,27.65619,1059,128.0,0.53919
sim03_rap_d15,edge_10,3.23905,7.64286,0.0161,8,25,12,24.75559,1734,107.0,0.52537
sim03_rap_d15,edge_11,2.75358,7.0,-0.01545,3,25,12,19.27508,567,98.0,0.49383
sim03_rap_d15,edge_12,2.73799,3.57143,0.02272,5,25,12,9.77853,547,50.0,0.53199
sim03_rap_d15,edge_13,5.30457,1.07143,0.01039,2,25,12,5.68347,201639,15.0,0.51966
sim03_rap_d15,edge_14,3.03623,0.5,-0.04469,3,25,12,1.51811,1087,7.0,0.46458
sim03_rap_d15,edge_15,4.55808,0.78571,0.01626,4,25,12,3.58135,36148,11.0,0.52553
sim03_rap_d15,edge_16,3.26245,2.14286,-0.02075,4,25,12,6.99097,1830,30.0,0.48852
sim03_rap_d15,edge_17,3.05843,0.07143,-0.03987,2,25,12,0.21846,1144,1.0,0.46941
sim03_rap_d15,edge_18,3.055,0.85714,-0.04055,2,25,12,2.61857,1135,12.0,0.46872
sim03_rap_d15,edge_19,2.74507,0.0,0.00871,0,1,12,0.0,556,0.0,0.51799
sim03_rap_d15,edge_20,2.74819,0.71429,0.00858,0,1,12,1.96299,560,10.0,0.51786
sim03_rap_d15,edge_21,3.60173,0.5,0.13696,0,1,12,1.80087,3997,7.0,0.64623
sim03_rap_d15,edge_22,3.27921,0.07143,0.03857,1,25,12,0.23423,1902,1.0,0.54784
sim03_rap_d15,edge_23,3.36342,1.85714,0.0676,3,25,12,6.24636,2309,26.0,0.57687
sim03_rap_d15,edge_24,3.53352,2.28571,0.05015,2,25,12,8.07661,3416,32.0,0.55943
sim03_rap_d15,edge_25,3.02694,1.78571,0.03678,2,25,12,5.40525,1064,25.0,0.54605
sim03_rap_d15,edge_26,3.23679,0.21429,-0.02405,2,25,12,0.6936,1725,3.0,0.48522
sim03_rap_d15,edge_27,3.61553,0.35714,0.00309,0,1,12,1.29126,4126,5.0,0.51236
sim03_rap_d15,edge_28,2.76042,0.21429,-0.01622,0,1,12,0.59152,576,3.0,0.49306
sim03_rap_d15,edge_29,3.89382,0.21429,-0.17598,0,1,12,0.83439,7831,3.0,0.33329
sim03_rap_d15,edge_30,3.06633,0.57143,0.03322,0,1,12,1.75219,1165,8.0,0.54249
sim03_rap_d15,edge_31,2.99695,0.07143,0.03655,0,1,12,0.21407,993,1.0,0.54582
sim03_rap_d15,edge_32,4.25653,1.14286,0.01139,4,25,12,4.8646,18052,16.0,0.52066
sim03_rap_d15,edge_33,4.43283,0.78571,-0.01265,3,25,12,3.48293,27091,11.0,0.49662
sim03_rap_d15,edge_34,3.90358,13.5,0.01426,0,1,12,52.69831,8009,189.0,0.52354
sim03_rap_d15,edge_35,4.85022,2.0,0.01991,0,1,12,9.70043,70830,28.0,0.52918
sim03_rap_d15,edge_36,3.61982,9.92857,-0.09435,0,1,12,35.93968,4167,139.0,0.41493
sim03_rap_d30,edge_1,3.55133,0.64286,-0.02303,3,26,13,2.283,3559,18.0,0.48665
sim03_rap_d30,edge_2,3.02776,1.82143,0.03628,2,26,13,5.51484,1066,51.0,0.54597
sim03_rap_d30,edge_3,6.43884,1.0,-0.00112,3,26,13,6.43884,2746852,28.0,0.50857
sim03_rap_d30,edge_4,6.00973,1.0,0.00169,3,26,13,6.00973,1022648,28.0,0.51138
sim03_rap_d30,edge_5,5.59348,1.0,0.005,2,26,13,5.59348,392179,28.0,0.51469
sim03_rap_d30,edge_6,2.76042,4.64286,0.02156,4,26,13,12.81625,576,130.0,0.53125
sim03_rap_d30,edge_7,2.80346,9.53571,0.03905,5,26,13,26.73297,636,267.0,0.54874
sim03_rap_d30,edge_8,3.20925,10.21429,0.02212,4,26,13,32.78016,1619,286.0,0.53181
sim03_rap_d30,edge_9,2.74974,8.10714,-0.01503,3,26,13,22.29251,562,227.0,0.49466
sim03_rap_d30,edge_10,3.28194,8.10714,0.01539,6,26,13,26.60717,1914,227.0,0.52508
sim03_rap_d30,edge_11,3.05231,0.82143,-0.04249,4,26,13,2.50725,1128,23.0,0.4672
sim03_rap_d30,edge_12,2.8202,0.21429,-0.01196,5,26,13,0.60433,661,6.0,0.49773
sim03_rap_d30,edge_13,5.74839,1.03571,0.00242,2,26,13,5.95369,560262,29.0,0.51211
sim03_rap_d30,edge_14,3.85974,0.89286,0.00357,3,26,13,3.4462,7240,25.0,0.51326
sim03_rap_d30,edge_15,3.40432,0.67857,0.03781,2,26,13,2.31007,2537,19.0,0.5475
sim03_rap_d30,edge_16,4.18943,0.78571,-0.03277,3,26,13,3.2917,15468,22.0,0.47692
sim03_rap_d30,edge_17,3.45561,1.57143,0.03462,3,26,13,5.43024,2855,44.0,0.54431
sim03_rap_d30,edge_18,2.74194,0.85714,0.01024,2,26,13,2.35023,552,24.0,0.51993
sim03_rap_d30,edge_19,2.72997,1.5,-0.17822,0,1,13,4.09496,537,42.0,0.33147
sim03_rap_d30,edge_20,2.70757,0.75,-0.17439,0,1,13,2.03068,510,21.0,0.33529
sim03_rap_d30,edge_21,2.99078,0.71429,-0.17465,0,1,13,2.13627,979,20.0,0.33504
sim03_rap_d30,edge_22,2.90037,1.53571,0.13685,0,1,13,4.45414,795,43.0,0.64654
sim03_rap_d30,edge_23,3.36324,2.0,0.06787,3,26,13,6.72647,2308,56.0,0.57756
sim03_rap_d30,edge_24,3.74726,0.78571,0.02861,2,26,13,2.94427,5588,22.0,0.5383
sim03_rap_d30,edge_25,3.52608,2.67857,0.05047,2,26,13,9.44486,3358,75.0,0.56015
sim03_rap_d30,edge_26,2.96095,1.71429,0.03517,3,26,13,5.07591,914,48.0,0.54486
sim03_rap_d30,edge_27,3.63053,1.03571,0.07144,2,26,13,3.76019,4271,29.0,0.58113
sim03_rap_d30,edge_28,3.70834,1.75,0.01938,3,26,13,6.48959,5109,49.0,0.52907
sim03_rap_d30,edge_29,3.86788,0.17857,-0.03266,0,1,13,0.69069,7377,5.0,0.47702
sim03_rap_d30,edge_30,4.11601,6.10714,0.01481,0,1,13,25.13706,13062,171.0,0.5245
sim03_rap_d30,edge_31,2.76418,2.89286,-0.00883,0,1,13,7.99637,581,81.0,0.50086
sim03_rap_d30,edge_32,2.77815,0.92857,-0.00635,0,1,13,2.57971,600,26.0,0.50333
sim03_rap_d30,edge_33,2.71933,1.82143,0.48459,0,1,13,4.95307,524,51.0,0.99427
sim03_rap_d30,edge_34,4.2611,1.03571,0.01122,4,26,13,4.41328,18243,29.0,0.52091
sim03_rap_d30,edge_35,3.70269,2.57143,-0.00285,4,26,13,9.5212,5043,72.0,0.50684
sim03_rap_d30,edge_36,3.55376,0.25,-0.50522,0,1,13,0.88844,3579,7.0,0.00447
sim03_rap_d30,edge_37,4.85022,2.0,0.01949,0,1,13,9.70043,70830,56.0,0.52918
sim03_rap_d30,edge_38,3.61982,9.25,-0.09476,0,1,13,33.48337,4167,259.0,0.41493
sim04_lig_d15,edge_1,4.06104,1.85714,0.02763,0,1,13,7.54193,11509,26.0,0.53315
sim04_lig_d15,edge_2,4.9798,2.42857,-0.02896,1,17,13,12.0938,95455,34.0,0.47656
sim04_lig_d15,edge_3,3.80909,0.07143,-0.07109,0,1,13,0.27208,6443,1.0,0.43442
sim04_lig_d15,edge_4,3.55931,0.64286,-0.04842,0,1,13,2.28813,3625,9.0,0.4571
sim04_lig_d15,edge_5,3.73672,0.07143,-0.04567,0,1,13,0.26691,5454,1.0,0.45985
sim04_lig_d15,edge_6,3.9795,1.35714,-0.03335,0,1,13,5.40075,9539,19.0,0.47217
sim04_lig_d15,edge_7,4.25746,0.21429,-0.02185,0,1,13,0.91231,18091,3.0,0.48367
sim04_lig_d15,edge_8,2.7348,1.71429,-0.07642,2,17,13,4.68823,543,24.0,0.4291
sim04_lig_d15,edge_9,5.96495,0.92857,-0.0013,1,17,13,5.53888,922456,13.0,0.50422
sim04_lig_d15,edge_10,5.6113,1.0,0.0097,3,17,13,5.6113,408604,14.0,0.51522
sim04_lig_d15,edge_11,3.74663,0.92857,-0.04943,0,1,13,3.47902,5580,13.0,0.45609
sim04_lig_d15,edge_12,3.89053,0.21429,-0.06728,0,1,13,0.83369,7772,3.0,0.43824
sim04_lig_d15,edge_13,3.69364,0.78571,-0.0036,0,1,13,2.90214,4939,11.0,0.50192
sim04_lig_d15,edge_14,3.43648,1.28571,-0.03151,0,1,13,4.41833,2732,18.0,0.47401
sim04_lig_d15,edge_15,6.09227,0.92857,-0.00255,2,17,13,5.65711,1236724,13.0,0.50297
sim04_lig_d15,edge_16,6.14457,1.0,1e-05,2,17,13,6.14457,1394987,14.0,0.50553
sim04_lig_d15,edge_17,3.3604,3.5,0.04834,4,17,13,11.76141,2293,49.0,0.55386
sim04_lig_d15,edge_18,3.07041,0.07143,0.12288,2,17,13,0.21931,1176,1.0,0.6284
sim04_lig_d15,edge_19,4.12024,0.92857,0.08629,2,17,13,3.82594,13190,13.0,0.59181
sim04_lig_d15,edge_20,3.66143,2.92857,0.04856,3,17,13,10.72277,4586,41.0,0.55408
sim04_lig_d15,edge_21,3.21378,0.28571,0.11123,3,17,13,0.91822,1636,4.0,0.61675
sim04_lig_d15,edge_22,3.40569,2.64286,0.0603,3,17,13,9.00075,2545,37.0,0.56582
sim04_lig_d15,edge_23,3.67979,1.85714,0.00932,3,17,13,6.8339,4784,26.0,0.51484
sim04_lig_d15,edge_24,3.42488,1.28571,-0.01454,3,17,13,4.40342,2660,18.0,0.49098
sim04_lig_d15,edge_25,5.94622,1.0,0.00491,1,17,13,5.94622,883530,14.0,0.51043
sim04_lig_d15,edge_26,3.61257,1.5,0.00985,3,17,13,5.41886,4098,21.0,0.51537
sim04_lig_d15,edge_27,4.74331,6.5,-0.0572,0,1,13,30.83149,55374,91.0,0.44832
sim04_lig_d15,edge_28,3.3485,8.35714,0.01443,2,17,13,27.98389,2231,117.0,0.51995
sim04_lig_d15,edge_29,5.20287,2.07143,0.00988,0,1,13,10.77738,159541,29.0,0.5154
sim04_lig_d30,edge_1,3.30942,0.92593,-0.0466,0,1,12,3.06428,2039,25.0,0.45954
sim04_lig_d30,edge_2,3.67182,0.14815,-0.00604,0,1,12,0.54397,4697,4.0,0.50011
sim04_lig_d30,edge_3,4.90385,2.2963,-0.02919,4,23,12,11.26069,80140,62.0,0.47695
sim04_lig_d30,edge_4,4.061,1.74074,0.02705,0,1,12,7.06915,11508,47.0,0.53319
sim04_lig_d30,edge_5,3.80895,0.14815,-0.07174,0,1,12,0.56429,6441,4.0,0.4344
sim04_lig_d30,edge_6,6.13025,1.0,-0.00346,2,23,12,6.13025,1349733,27.0,0.50268
sim04_lig_d30,edge_7,3.55919,0.66667,-0.04891,0,1,12,2.37279,3624,18.0,0.45723
sim04_lig_d30,edge_8,3.73783,0.07407,-0.04601,0,1,12,0.27688,5468,2.0,0.46013
sim04_lig_d30,edge_9,3.98381,1.74074,-0.03448,0,1,12,6.93477,9634,47.0,0.47166
sim04_lig_d30,edge_10,4.28472,0.2963,-0.02257,0,1,12,1.26955,19263,8.0,0.48357
sim04_lig_d30,edge_11,2.98453,0.74074,-0.05744,2,23,12,2.21076,965,20.0,0.4487
sim04_lig_d30,edge_12,2.97818,1.74074,-0.04663,2,23,12,5.18424,951,47.0,0.45952
sim04_lig_d30,edge_13,3.59118,2.7037,-0.03139,4,23,12,9.70948,3901,73.0,0.47475
sim04_lig_d30,edge_14,6.32658,1.0,0.00294,2,23,12,6.32658,2121183,27.0,0.50908
sim04_lig_d30,edge_15,3.82504,1.03704,0.02782,2,23,12,3.9667,6684,28.0,0.53396
sim04_lig_d30,edge_16,3.74406,0.33333,-0.04986,2,23,12,1.24802,5547,9.0,0.45628
sim04_lig_d30,edge_17,6.13554,1.0,-0.00114,2,23,12,6.13554,1366279,27.0,0.505
sim04_lig_d30,edge_18,2.80754,5.55556,0.02345,4,23,12,15.59742,642,150.0,0.5296
sim04_lig_d30,edge_19,2.84572,0.81481,0.07874,3,23,12,2.31873,701,22.0,0.58488
sim04_lig_d30,edge_20,3.73368,3.03704,0.01989,3,23,12,11.33932,5416,82.0,0.52603
sim04_lig_d30,edge_21,3.40756,4.0,0.10888,4,23,12,13.63024,2556,108.0,0.61502
sim04_lig_d30,edge_22,2.72099,1.11111,-0.01375,3,23,12,3.02332,526,30.0,0.4924
sim04_lig_d30,edge_23,3.01787,3.2963,-0.0167,5,23,12,9.94779,1042,89.0,0.48944
sim04_lig_d30,edge_24,3.26717,3.25926,-0.00236,3,23,12,10.64856,1850,88.0,0.50378
sim04_lig_d30,edge_25,2.88986,1.7037,-0.00357,4,23,12,4.92347,776,46.0,0.50258
sim04_lig_d30,edge_26,3.47159,6.07407,0.07927,5,23,12,21.08666,2962,164.0,0.58542
sim04_lig_d30,edge_27,3.96689,1.48148,-0.01888,2,23,12,5.87688,9266,40.0,0.48727
sim04_lig_d30,edge_28,3.34479,0.11111,0.01149,0,1,12,0.37164,2212,3.0,0.51763
sim04_lig_d30,edge_29,3.60563,1.7037,0.00861,3,23,12,6.14292,4033,46.0,0.51475
sim04_lig_d30,edge_30,3.45849,1.55556,-0.01728,3,23,12,5.37987,2874,42.0,0.48887
sim04_lig_d30,edge_31,4.74326,6.48148,-0.05789,0,1,12,30.74334,55368,175.0,0.44826
sim04_lig_d30,edge_32,3.61268,5.11111,0.04472,8,23,12,18.4648,4099,138.0,0.55087
sim04_lig_d30,edge_33,3.76365,1.14815,0.10733,2,23,12,4.32123,5803,31.0,0.61348
sim04_lig_d30,edge_34,5.20288,2.11111,0.00926,0,1,12,10.98385,159543,57.0,0.5154
sim04_rap_d15,edge_1,3.68151,0.07692,-0.00556,0,1,13,0.28319,4803,1.0,0.50094
sim04_rap_d15,edge_2,6.43825,1.0,-0.00244,2,8,13,6.43825,2743136,13.0,0.50405
sim04_rap_d15,edge_3,3.68583,15.61538,-0.06184,0,1,13,57.55567,4851,203.0,0.44465
sim04_rap_d15,edge_4,5.73419,1.0,-0.00593,1,8,13,5.73419,542236,13.0,0.50056
sim04_rap_d15,edge_5,6.20823,1.0,0.00614,1,8,13,6.20823,1615219,13.0,0.51264
sim04_rap_d15,edge_6,4.02731,0.92308,0.00463,0,1,13,3.71752,10649,12.0,0.51113
sim04_rap_d15,edge_7,4.01309,0.84615,-0.04385,1,8,13,3.39569,10306,11.0,0.46264
sim04_rap_d15,edge_8,3.76989,3.76923,0.02858,3,8,13,14.2096,5887,49.0,0.53508
sim04_rap_d15,edge_9,4.02202,0.76923,-0.00155,2,8,13,3.09386,10520,10.0,0.50494
sim04_rap_d15,edge_10,3.65667,4.61538,0.0883,3,8,13,16.87695,4536,60.0,0.5948
sim04_rap_d15,edge_11,4.9062,2.46154,-0.02757,3,8,13,12.0768,80575,32.0,0.47892
sim04_rap_d15,edge_12,3.97955,1.38462,-0.03438,0,1,13,5.51014,9540,18.0,0.47212
sim04_rap_d15,edge_13,3.7364,1.30769,-0.04668,0,1,13,4.88606,5450,17.0,0.45982
sim04_rap_d15,edge_14,3.55931,0.84615,-0.04912,0,1,13,3.01172,3625,11.0,0.45738
sim04_rap_d15,edge_15,3.80895,0.07692,-0.07225,0,1,13,0.293,6441,1.0,0.43425
sim04_rap_d15,edge_16,4.06104,2.0,0.02665,0,1,13,8.12208,11509,26.0,0.53315
sim04_rap_d15,edge_17,4.74331,6.53846,-0.05817,0,1,13,31.01397,55375,85.0,0.44833
sim04_rap_d15,edge_18,3.41514,1.46154,-0.03168,0,1,13,4.99136,2601,19.0,0.47482
sim04_rap_d15,edge_19,4.27305,0.23077,-0.01865,0,1,13,0.98609,18752,3.0,0.48784
sim04_rap_d15,edge_20,5.20286,2.15385,0.00889,0,1,13,11.20616,159536,28.0,0.51539
sim04_rap_d30,edge_1,6.14461,1.0,-0.00109,2,12,12,6.14461,1395110,27.0,0.50552
sim04_rap_d30,edge_2,6.33143,1.0,0.00301,3,12,12,6.33143,2145026,27.0,0.50962
sim04_rap_d30,edge_3,3.18184,1.51852,-0.0224,5,12,12,4.83169,1520,41.0,0.48421
sim04_rap_d30,edge_4,3.3941,1.92593,0.03092,2,12,12,6.53679,2478,52.0,0.53753
sim04_rap_d30,edge_5,4.02131,3.22222,0.05685,3,12,12,12.95757,10503,87.0,0.56346
sim04_rap_d30,edge_6,3.68061,1.88889,0.0081,3,12,12,6.95226,4793,51.0,0.51471
sim04_rap_d30,edge_7,6.12473,1.0,-0.00371,2,12,12,6.12473,1332689,27.0,0.5029
sim04_rap_d30,edge_8,3.32613,8.77778,0.01439,2,12,12,29.19604,2119,237.0,0.521
sim04_rap_d30,edge_9,2.70927,0.81481,-0.01051,2,12,12,2.20755,512,22.0,0.49609
sim04_rap_d30,edge_10,4.06096,1.77778,0.02655,0,1,12,7.21949,11507,48.0,0.53315
sim04_rap_d30,edge_11,3.718,1.55556,0.06001,3,12,12,5.78356,5224,42.0,0.56662
sim04_rap_d30,edge_12,3.69452,2.92593,-0.05884,2,12,12,10.80988,4949,79.0,0.44777
sim04_rap_d30,edge_13,4.97153,2.77778,-0.02954,1,12,12,13.80981,93655,75.0,0.47707
sim04_rap_d30,edge_14,3.69566,0.11111,-0.0062,0,1,12,0.41063,4962,3.0,0.5004
sim04_rap_d30,edge_15,3.80895,0.07407,-0.0722,0,1,12,0.28214,6441,2.0,0.4344
sim04_rap_d30,edge_16,3.55919,0.74074,-0.04938,0,1,12,2.63644,3624,20.0,0.45723
sim04_rap_d30,edge_17,3.73743,0.11111,-0.04715,0,1,12,0.41527,5463,3.0,0.45945
sim04_rap_d30,edge_18,3.9795,1.88889,-0.03444,0,1,12,7.51684,9539,51.0,0.47217
sim04_rap_d30,edge_19,4.25744,0.37037,-0.02369,0,1,12,1.57683,18090,10.0,0.48292
sim04_rap_d30,edge_20,3.51455,21.44444,-0.04881,0,1,12,75.36752,3270,579.0,0.4578
sim04_rap_d30,edge_21,3.41531,1.25926,-0.03159,0,1,12,4.30076,2602,34.0,0.47502
sim04_rap_d30,edge_22,5.20287,2.07407,0.00879,0,1,12,10.79114,159541,56.0,0.5154
sim04_rap_d30,edge_23,4.7433,6.40741,-0.05828,0,1,12,30.39224,55373,173.0,0.44832
sim05_lig_d15,edge_1,6.56639,1.0,-0.00097,1,15,9,6.56639,3684594,14.0,0.50431
sim05_lig_d15,edge_2,5.26041,1.0,0.0095,3,15,9,5.26041,182143,14.0,0.51479
sim05_lig_d15,edge_3,5.00674,1.07143,0.00202,1,15,9,5.36436,101563,15.0,0.50731
sim05_lig_d15,edge_4,3.27554,1.64286,-0.01695,3,15,9,5.38125,1886,23.0,0.48834
sim05_lig_d15,edge_5,2.93095,1.28571,0.07502,3,15,9,3.76836,853,18.0,0.5803
sim05_lig_d15,edge_6,2.78746,7.71429,0.0412,3,15,9,21.50327,613,108.0,0.54649
sim05_lig_d15,edge_7,2.71933,3.35714,-0.04346,3,15,9,9.12918,524,47.0,0.46183
sim05_lig_d15,edge_8,2.89432,5.57143,0.02532,4,15,9,16.12548,784,78.0,0.53061
sim05_lig_d15,edge_9,3.39217,0.14286,-0.01117,3,15,9,0.4846,2467,2.0,0.49412
sim05_lig_d15,edge_10,5.92164,1.0,0.0043,0,1,9,5.92164,834917,14.0,0.50959
sim05_lig_d15,edge_11,2.95665,2.71429,0.05051,5,15,9,8.02519,905,38.0,0.5558
sim05_lig_d15,edge_12,3.52608,1.78571,-0.02196,4,15,9,6.29657,3358,25.0,0.48332
sim05_lig_d15,edge_13,3.40483,4.57143,0.01715,2,15,9,15.56495,2540,64.0,0.52244
sim05_lig_d15,edge_14,3.51654,4.14286,-0.07515,0,1,9,14.5685,3285,58.0,0.43014
sim05_lig_d15,edge_15,3.70364,0.42857,-0.00153,0,1,9,1.58727,5054,6.0,0.50376
sim05_lig_d15,edge_16,2.84757,5.64286,-0.00955,0,1,9,16.06845,704,79.0,0.49574
sim05_lig_d15,edge_17,2.85794,0.14286,0.11191,0,1,9,0.40828,721,2.0,0.6172
sim05_lig_d15,edge_18,3.28803,1.64286,0.01712,2,15,9,5.40176,1941,23.0,0.52241
sim05_lig_d15,edge_19,3.49122,1.78571,0.06748,2,15,9,6.23432,3099,25.0,0.57277
sim05_lig_d15,edge_20,5.19629,0.92857,0.02084,1,15,9,4.82513,157141,13.0,0.52613
sim05_lig_d15,edge_21,5.04714,1.14286,0.03847,0,1,9,5.76816,111465,16.0,0.54376
sim05_lig_d15,edge_22,4.73434,4.64286,0.0123,0,1,9,21.98084,54242,65.0,0.51759
sim05_lig_d15,edge_23,4.01682,3.35714,-0.01765,0,1,9,13.48505,10395,47.0,0.48764
sim05_lig_d30,edge_1,2.93551,1.0,0.17962,0,1,10,2.93551,862,28.0,0.68561
sim05_lig_d30,edge_2,6.56655,1.0,-0.00165,1,13,10,6.56655,3685920,28.0,0.50434
sim05_lig_d30,edge_3,2.72016,3.28571,-0.03933,3,13,10,8.93767,525,92.0,0.46667
sim05_lig_d30,edge_4,5.26038,1.0,0.00877,3,13,10,5.26038,182131,28.0,0.51476
sim05_lig_d30,edge_5,3.14333,3.0,0.0224,5,13,10,9.42998,1391,84.0,0.5284
sim05_lig_d30,edge_6,3.28058,1.53571,-0.01648,3,13,10,5.03803,1908,43.0,0.48952
sim05_lig_d30,edge_7,6.03413,1.03571,0.00564,2,13,10,6.24963,1081749,29.0,0.51163
sim05_lig_d30,edge_8,3.52917,2.03571,-0.02196,3,13,10,7.18439,3382,57.0,0.48403
sim05_lig_d30,edge_9,3.16909,5.03571,0.03262,4,13,10,15.95861,1476,141.0,0.53862
sim05_lig_d30,edge_10,3.39235,0.25,-0.01248,3,13,10,0.84809,2468,7.0,0.49352
sim05_lig_d30,edge_11,3.40739,4.25,0.01651,2,13,10,14.48141,2555,119.0,0.5225
sim05_lig_d30,edge_12,3.42521,3.0,0.06801,2,13,10,10.27562,2662,84.0,0.574
sim05_lig_d30,edge_13,3.24699,1.60714,0.07555,3,13,10,5.21838,1766,45.0,0.58154
sim05_lig_d30,edge_14,3.2887,1.5,0.01767,2,13,10,4.93304,1944,42.0,0.52366
sim05_lig_d30,edge_15,2.8488,0.07143,0.10307,0,1,10,0.20349,706,2.0,0.60907
sim05_lig_d30,edge_16,3.71759,7.64286,-0.01874,0,1,10,28.41299,5219,214.0,0.48726
sim05_lig_d30,edge_17,2.74036,3.89286,-0.02781,0,1,10,10.66784,550,109.0,0.47818
sim05_lig_d30,edge_18,2.76641,2.17857,-0.01113,0,1,10,6.02683,584,61.0,0.49486
sim05_lig_d30,edge_19,3.93181,0.21429,0.15658,0,1,10,0.84253,8547,6.0,0.66257
sim05_lig_d30,edge_20,5.04714,1.07143,0.03776,0,1,10,5.40765,111466,30.0,0.54375
sim05_lig_d30,edge_21,4.73434,4.46429,0.01159,0,1,10,21.13543,54242,125.0,0.51759
sim05_lig_d30,edge_22,3.51654,0.75,-0.07586,0,1,10,2.6374,3285,21.0,0.43014
sim05_rap_d15,edge_1,3.38543,1.07143,-0.01009,3,12,15,3.62724,2429,15.0,0.4965
sim05_rap_d15,edge_2,5.26038,0.92857,0.00817,3,12,15,4.88464,182129,13.0,0.51476
sim05_rap_d15,edge_3,2.71933,1.92857,-0.04094,3,12,15,5.24442,524,27.0,0.46565
sim05_rap_d15,edge_4,6.27592,1.0,0.00209,1,12,15,6.27592,1887624,14.0,0.50868
sim05_rap_d15,edge_5,2.95713,2.57143,0.04859,5,12,15,7.60404,906,36.0,0.55519
sim05_rap_d15,edge_6,3.26975,1.28571,-0.01277,3,12,15,4.20396,1861,18.0,0.49382
sim05_rap_d15,edge_7,6.03432,1.0,0.00507,2,12,15,6.03432,1082219,14.0,0.51166
sim05_rap_d15,edge_8,3.14019,3.64286,0.02925,4,12,15,11.43928,1381,51.0,0.53584
sim05_rap_d15,edge_9,3.40756,3.14286,0.01688,2,12,15,10.70948,2556,44.0,0.52347
sim05_rap_d15,edge_10,3.7696,1.85714,0.05112,4,12,15,7.00068,5883,26.0,0.55771
sim05_rap_d15,edge_11,6.12773,1.0,-0.00702,1,12,15,6.12773,1341935,14.0,0.49957
sim05_rap_d15,edge_12,2.85794,0.0,0.1106,0,1,15,0.0,721,0.0,0.6172
sim05_rap_d15,edge_13,5.6641,0.92857,-0.00596,0,1,15,5.25952,461424,13.0,0.50064
sim05_rap_d15,edge_14,2.79029,5.92857,-0.02037,0,1,15,16.5424,617,83.0,0.48622
sim05_rap_d15,edge_15,2.97267,2.0,0.00459,0,1,15,5.94533,939,28.0,0.51118
sim05_rap_d15,edge_16,3.80496,0.28571,0.16138,0,1,15,1.08713,6382,4.0,0.66797
sim05_rap_d15,edge_17,2.84073,1.21429,0.49196,0,1,15,3.44946,693,17.0,0.99856
sim05_rap_d15,edge_18,3.64038,0.71429,-0.05248,0,1,15,2.60027,4369,10.0,0.45411
sim05_rap_d15,edge_19,3.64008,0.07143,-0.0524,0,1,15,0.26001,4366,1.0,0.45419
sim05_rap_d15,edge_20,4.73433,3.92857,0.01099,0,1,15,18.59914,54241,55.0,0.51758
sim05_rap_d15,edge_21,5.04703,0.92857,0.03719,0,1,15,4.68653,111438,13.0,0.54378
sim05_rap_d15,edge_22,3.72787,0.0,-0.08762,0,1,15,0.0,5344,0.0,0.41897
sim05_rap_d15,edge_23,3.72811,0.57143,-0.08729,0,1,15,2.13035,5347,8.0,0.4193
sim05_rap_d15,edge_24,3.51654,30.85714,-0.07646,0,1,15,108.51023,3285,432.0,0.43014
sim05_rap_d15,edge_25,3.52257,1.35714,-0.02205,3,12,15,4.78064,3331,19.0,0.48454
sim05_rap_d15,edge_26,4.0187,13.21429,-0.01933,0,1,15,53.10426,10440,185.0,0.48726
sim05_rap_d30,edge_1,2.88024,12.46429,0.04458,5,15,11,35.90016,759,349.0,0.55072
sim05_rap_d30,edge_2,2.87506,7.32143,0.01652,3,15,11,21.04956,750,205.0,0.52267
sim05_rap_d30,edge_3,2.84386,9.0,0.01964,3,15,11,25.5947,698,252.0,0.52579
sim05_rap_d30,edge_4,2.72016,1.64286,-0.04138,3,15,11,4.46883,525,46.0,0.46476
sim05_rap_d30,edge_5,3.27184,2.75,0.01685,3,15,11,8.99756,1870,77.0,0.52299
sim05_rap_d30,edge_6,5.26062,1.0,0.0086,3,15,11,5.26062,182231,28.0,0.51475
sim05_rap_d30,edge_7,3.40824,0.64286,-0.00927,3,15,11,2.19101,2560,18.0,0.49688
sim05_rap_d30,edge_8,6.25905,0.96429,0.00244,2,15,11,6.03551,1815722,27.0,0.50859
sim05_rap_d30,edge_9,6.47039,1.0,-0.0015,2,15,11,6.47039,2953828,28.0,0.50464
sim05_rap_d30,edge_10,3.11025,2.14286,0.02062,5,15,11,6.66483,1289,60.0,0.52676
sim05_rap_d30,edge_11,3.52866,1.5,-0.02243,3,15,11,5.29299,3378,42.0,0.48372
sim05_rap_d30,edge_12,3.28262,1.25,-0.01736,3,15,11,4.10328,1917,35.0,0.48878
sim05_rap_d30,edge_13,3.03423,0.57143,0.06964,2,15,11,1.73384,1082,16.0,0.57579
sim05_rap_d30,edge_14,3.45423,3.46429,0.06834,2,15,11,11.96646,2846,97.0,0.57449
sim05_rap_d30,edge_15,2.8488,0.14286,0.10292,0,1,11,0.40697,706,4.0,0.60907
sim05_rap_d30,edge_16,3.51654,29.67857,-0.07601,0,1,11,104.36575,3285,831.0,0.43014
sim05_rap_d30,edge_17,3.7605,0.32143,-0.49591,0,1,11,1.20873,5761,9.0,0.01024
sim05_rap_d30,edge_18,2.78104,1.25,0.17266,0,1,11,3.4763,604,35.0,0.67881
sim05_rap_d30,edge_19,2.71181,14.64286,0.01036,0,1,11,39.70861,515,410.0,0.5165
sim05_rap_d30,edge_20,3.66717,1.60714,-0.01658,2,15,11,5.89367,4647,45.0,0.48956
sim05_rap_d30,edge_21,2.89597,2.96429,-0.00805,0,1,11,8.5845,787,83.0,0.49809
sim05_rap_d30,edge_22,3.39915,0.60714,0.15999,0,1,11,2.06377,2507,17.0,0.66613
sim05_rap_d30,edge_23,3.7175,25.82143,-0.01899,0,1,11,95.99127,5218,723.0,0.48716
sim05_rap_d30,edge_24,5.04714,1.0,0.03761,0,1,11,5.04714,111466,28.0,0.54375
sim05_rap_d30,edge_25,4.73433,4.07143,0.01143,0,1,11,19.27548,54241,114.0,0.51758
sim06_lig_d15,edge_1,4.21165,2.92857,0.1032,0,1,4,12.33413,16280,41.0,0.60842
sim06_lig_d15,edge_2,5.94572,1.0,-0.00131,2,23,4,5.94572,882513,14.0,0.50391
sim06_lig_d15,edge_3,5.66026,1.0,0.00418,1,23,4,5.66026,457365,14.0,0.5094
sim06_lig_d15,edge_4,5.33353,1.0,0.00909,2,23,4,5.33353,215539,14.0,0.51431
sim06_lig_d15,edge_5,5.38822,0.92857,0.0028,1,23,4,5.00335,244468,13.0,0.50802
sim06_lig_d15,edge_6,3.68815,0.92857,0.02544,2,23,4,3.42471,4877,13.0,0.53065
sim06_lig_d15,edge_7,3.33284,2.71429,-0.06842,2,23,4,9.04629,2152,38.0,0.4368
sim06_lig_d15,edge_8,3.15655,2.85714,0.08544,3,23,4,9.01871,1434,40.0,0.59066
sim06_lig_d15,edge_9,3.41581,4.07143,0.01916,3,23,4,13.90722,2605,57.0,0.52438
sim06_lig_d15,edge_10,6.12019,1.0,-0.00103,2,23,4,6.12019,1318819,14.0,0.50419
sim06_lig_d15,edge_11,3.48244,1.92857,0.07595,3,23,4,6.71614,3037,27.0,0.58117
sim06_lig_d15,edge_12,4.7745,0.92857,0.03255,2,23,4,4.43347,59498,13.0,0.53777
sim06_lig_d15,edge_13,5.61769,1.0,0.01091,2,23,4,5.61769,414655,14.0,0.51613
sim06_lig_d15,edge_14,2.76864,4.92857,-0.01118,2,23,4,13.64543,587,69.0,0.49404
sim06_lig_d15,edge_15,2.89873,54.21429,0.0415,10,23,4,157.15232,792,759.0,0.54672
sim06_lig_d15,edge_16,2.86451,14.42857,0.00298,2,23,4,41.3308,732,202.0,0.5082
sim06_lig_d15,edge_17,3.29469,0.5,0.00214,1,23,4,1.64734,1971,7.0,0.50736
sim06_lig_d15,edge_18,5.63588,1.0,0.00141,1,23,4,5.63588,432392,14.0,0.50663
sim06_lig_d15,edge_19,3.12483,2.92857,-0.02135,5,23,4,9.15129,1333,41.0,0.48387
sim06_lig_d15,edge_20,5.46058,1.0,0.0061,1,23,4,5.46058,288791,14.0,0.51132
sim06_lig_d15,edge_21,3.49234,0.21429,-0.0234,0,1,4,0.74836,3107,3.0,0.48182
sim06_lig_d15,edge_22,4.90038,4.42857,-0.03288,0,1,4,21.7017,79503,62.0,0.47233
sim06_lig_d15,edge_23,3.70329,1.78571,-0.09868,3,23,4,6.61302,5050,25.0,0.40653
sim06_lig_d15,edge_24,5.80363,1.0,0.00395,4,23,4,5.80363,636247,14.0,0.50917
sim06_lig_d15,edge_25,3.10992,15.71429,0.01031,2,23,4,48.87011,1288,220.0,0.51553
sim06_lig_d15,edge_26,3.99717,1.92857,-0.01674,2,23,4,7.70882,9935,27.0,0.48848
sim06_lig_d30,edge_1,3.02449,10.57143,0.0321,6,23,4,31.97313,1058,296.0,0.5397
sim06_lig_d30,edge_2,2.95085,41.21429,0.02768,7,23,4,121.61724,893,1154.0,0.53527
sim06_lig_d30,edge_3,3.1089,14.82143,0.00835,2,23,4,46.07839,1285,415.0,0.51595
sim06_lig_d30,edge_4,2.96426,14.14286,0.02009,3,23,4,41.9231,921,396.0,0.52769
sim06_lig_d30,edge_5,3.99769,1.96429,-0.01921,2,23,4,7.85261,9947,55.0,0.48839
sim06_lig_d30,edge_6,2.76864,4.39286,-0.01527,3,23,4,12.16223,587,123.0,0.49233
sim06_lig_d30,edge_7,5.33355,1.03571,0.00672,3,23,4,5.52403,215551,29.0,0.51431
sim06_lig_d30,edge_8,3.29403,0.64286,2e-05,1,23,4,2.11759,1968,18.0,0.50762
sim06_lig_d30,edge_9,5.84928,1.0,0.00118,2,23,4,5.84928,706775,28.0,0.50877
sim06_lig_d30,edge_10,3.02979,3.75,-0.02207,5,23,4,11.36171,1071,105.0,0.48553
sim06_lig_d30,edge_11,3.42667,1.57143,-0.00105,3,23,4,5.38477,2671,44.0,0.50655
sim06_lig_d30,edge_12,5.85572,1.0,0.00091,2,23,4,5.85572,717325,28.0,0.50851
sim06_lig_d30,edge_13,6.24144,1.0,-0.00037,3,23,4,6.24144,1743573,28.0,0.50723
sim06_lig_d30,edge_14,2.80414,1.82143,-0.03978,4,23,4,5.10754,637,51.0,0.46782
sim06_lig_d30,edge_15,3.65677,0.82143,0.02138,2,23,4,3.00377,4537,23.0,0.52898
sim06_lig_d30,edge_16,3.87111,1.14286,-0.02845,3,23,4,4.42412,7432,32.0,0.47914
sim06_lig_d30,edge_17,5.97914,1.03571,-0.0019,1,23,4,6.19268,953111,29.0,0.5057
sim06_lig_d30,edge_18,3.49108,0.67857,0.07052,3,23,4,2.36895,3098,19.0,0.57811
sim06_lig_d30,edge_19,2.79029,0.35714,0.11153,2,23,4,0.99653,617,10.0,0.61912
sim06_lig_d30,edge_20,2.78176,0.71429,-0.06628,2,23,4,1.98697,605,20.0,0.44132
sim06_lig_d30,edge_21,3.58092,0.32143,-0.01049,0,1,4,1.15101,3810,9.0,0.49711
sim06_lig_d30,edge_22,3.67879,0.60714,-0.023,1,23,4,2.23355,4773,17.0,0.4846
sim06_lig_d30,edge_23,4.24042,3.46429,0.10194,0,1,4,14.69004,17395,97.0,0.60954
sim06_lig_d30,edge_24,5.80365,1.0,0.00153,4,23,4,5.80365,636278,28.0,0.50913
sim06_lig_d30,edge_25,3.73127,0.67857,-0.09171,2,23,4,2.53193,5386,19.0,0.41589
sim06_lig_d30,edge_26,4.90038,4.25,-0.03526,0,1,4,20.82661,79502,119.0,0.47234
sim06_rap_d15,edge_1,2.82737,18.64286,-0.00596,6,16,5,52.71024,672,261.0,0.50149
sim06_rap_d15,edge_2,2.79099,11.64286,0.04595,3,16,5,32.49508,618,163.0,0.5534
sim06_rap_d15,edge_3,2.83378,4.64286,-0.01185,5,16,5,13.15686,682,65.0,0.4956
sim06_rap_d15,edge_4,5.33353,1.0,0.00686,2,16,5,5.33353,215543,14.0,0.51432
sim06_rap_d15,edge_5,5.6783,1.07143,-0.00109,3,16,5,6.0839,476765,15.0,0.50636
sim06_rap_d15,edge_6,3.12483,1.5,-0.02358,3,16,5,4.68725,1333,21.0,0.48387
sim06_rap_d15,edge_7,5.85574,1.0,0.00101,1,16,5,5.85574,717365,14.0,0.50846
sim06_rap_d15,edge_8,5.6177,0.92857,0.00869,3,16,5,5.21643,414664,13.0,0.51614
sim06_rap_d15,edge_9,6.10828,1.0,0.00117,2,16,5,6.10828,1283162,14.0,0.50862
sim06_rap_d15,edge_10,3.63859,1.5,0.0053,2,16,5,5.45788,4351,21.0,0.51276
sim06_rap_d15,edge_11,3.56949,0.28571,0.07595,0,1,5,1.01985,3711,4.0,0.5834
sim06_rap_d15,edge_12,4.87785,1.28571,0.01867,2,16,5,6.27152,75483,18.0,0.52612
sim06_rap_d15,edge_13,5.44909,1.07143,-0.01417,3,16,5,5.83832,281251,15.0,0.49328
sim06_rap_d15,edge_14,5.94359,1.07143,-0.00375,1,16,5,6.36813,878197,15.0,0.5037
sim06_rap_d15,edge_15,3.58081,0.14286,-0.01021,0,1,5,0.51154,3809,2.0,0.49724
sim06_rap_d15,edge_16,3.49332,1.64286,-0.02511,2,16,5,5.73902,3114,23.0,0.48234
sim06_rap_d15,edge_17,4.90039,3.85714,-0.0351,0,1,5,18.90152,79505,54.0,0.47235
sim06_rap_d15,edge_18,3.47114,13.42857,0.00995,2,16,5,46.61252,2959,188.0,0.5174
sim06_rap_d15,edge_19,5.80362,1.0,0.00168,4,16,5,5.80362,636244,14.0,0.50913
sim06_rap_d15,edge_20,3.93887,10.64286,0.10208,0,1,5,41.92083,8687,149.0,0.60953
sim06_rap_d30,edge_1,3.09377,2.89286,-0.00754,4,16,4,8.94984,1241,81.0,0.49879
sim06_rap_d30,edge_2,2.97497,70.17857,0.04028,7,16,4,208.77928,944,1965.0,0.54661
sim06_rap_d30,edge_3,2.97359,25.71429,0.02396,4,16,4,76.46373,941,720.0,0.53029
sim06_rap_d30,edge_4,3.1089,14.78571,0.00962,2,16,4,45.96735,1285,414.0,0.51595
sim06_rap_d30,edge_5,2.80414,14.25,0.01329,3,16,4,39.95899,637,399.0,0.51962
sim06_rap_d30,edge_6,3.29403,0.67857,0.00078,2,16,4,2.23523,1968,19.0,0.50711
sim06_rap_d30,edge_7,5.33447,1.03571,0.0079,2,16,4,5.52499,216008,29.0,0.51424
sim06_rap_d30,edge_8,3.4615,0.21429,-0.00599,2,16,4,0.74175,2894,6.0,0.50035
sim06_rap_d30,edge_9,6.56468,1.0,-0.00048,2,16,4,6.56468,3670098,28.0,0.50585
sim06_rap_d30,edge_10,5.62237,0.96429,0.01052,2,16,4,5.42157,419153,27.0,0.51685
sim06_rap_d30,edge_11,2.78675,0.07143,0.11295,2,16,4,0.19905,612,2.0,0.61928
sim06_rap_d30,edge_12,3.86552,0.28571,-0.02862,3,16,4,1.10443,7337,8.0,0.47772
sim06_rap_d30,edge_13,4.87766,1.07143,0.01994,2,16,4,5.22606,75450,30.0,0.52627
sim06_rap_d30,edge_14,3.67642,2.96429,-0.01992,2,16,4,10.89796,4747,83.0,0.48641
sim06_rap_d30,edge_15,3.58092,0.14286,-0.00922,0,1,4,0.51156,3810,4.0,0.49711
sim06_rap_d30,edge_16,5.80365,1.0,0.0028,4,16,4,5.80365,636277,28.0,0.50913
sim06_rap_d30,edge_17,3.4929,3.42857,0.07355,3,16,4,11.97566,3111,96.0,0.57988
sim06_rap_d30,edge_18,4.23987,4.5,0.10329,0,1,4,19.07944,17373,126.0,0.60962
sim06_rap_d30,edge_19,4.90038,3.96429,-0.034,0,1,4,19.42652,79503,111.0,0.47233
sim07_lig_d15,edge_1,3.77327,0.42857,-0.17108,0,1,13,1.61712,5933,6.0,0.33322
sim07_lig_d15,edge_2,5.28584,1.0,-0.01113,4,6,13,5.28584,193126,14.0,0.49318
sim07_lig_d15,edge_3,5.98998,0.92857,0.00118,3,6,13,5.56212,977182,13.0,0.50548
sim07_lig_d15,edge_4,2.73078,1.0,-0.01174,0,1,13,2.73078,538,14.0,0.49257
sim07_lig_d15,edge_5,2.95376,1.78571,0.15977,0,1,13,5.27457,899,25.0,0.66407
sim07_lig_d15,edge_6,3.63518,0.35714,-0.10379,0,1,13,1.29828,4317,5.0,0.40051
sim07_lig_d15,edge_7,3.70209,0.28571,-0.10081,0,1,13,1.05774,5036,4.0,0.40349
sim07_lig_d15,edge_8,3.66633,0.28571,-0.16752,0,1,13,1.04752,4638,4.0,0.33678
sim07_lig_d15,edge_9,6.20051,1.0,0.00367,1,6,13,6.20051,1586742,14.0,0.50797
sim07_lig_d15,edge_10,6.09648,1.07143,0.00207,1,6,13,6.53194,1248750,15.0,0.50637
sim07_lig_d15,edge_11,6.09675,1.0,-0.00766,1,6,13,6.09675,1249537,14.0,0.49664
sim07_lig_d15,edge_12,4.25833,0.21429,0.00102,0,1,13,0.9125,18127,3.0,0.50532
sim07_lig_d15,edge_13,5.28495,1.07143,0.01769,0,1,13,5.66245,192731,15.0,0.52199
sim07_lig_d15,edge_14,4.53562,1.07143,-0.00579,2,6,13,4.8596,34326,15.0,0.49851
sim07_lig_d15,edge_15,4.73714,3.71429,0.0137,0,1,13,17.59508,54593,52.0,0.518
sim07_lig_d15,edge_16,4.06307,4.28571,-0.03012,0,1,13,17.41316,11563,60.0,0.47418
sim07_lig_d15,edge_17,4.77523,5.07143,0.01216,0,1,13,24.21725,59598,71.0,0.51646
sim07_lig_d15,edge_18,3.65118,0.35714,0.24654,0,1,13,1.30399,4479,5.0,0.75084
sim07_lig_d30,edge_1,2.72997,0.22222,0.49071,0,1,11,0.60666,537,6.0,0.99441
sim07_lig_d30,edge_2,2.9345,1.22222,-0.15836,0,1,11,3.58661,860,33.0,0.34535
sim07_lig_d30,edge_3,2.88423,0.44444,-0.5024,0,1,11,1.28188,766,12.0,0.00131
sim07_lig_d30,edge_4,6.72513,1.0,0.0,0,1,11,6.72513,5310491,27.0,0.50371
sim07_lig_d30,edge_5,2.77597,13.22222,-0.00454,0,1,11,36.70455,597,357.0,0.49916
sim07_lig_d30,edge_6,2.87332,0.62963,-0.00304,0,1,11,1.80913,747,17.0,0.50067
sim07_lig_d30,edge_7,2.82802,0.11111,0.49481,1,2,11,0.31422,673,3.0,0.99851
sim07_lig_d30,edge_8,3.0461,0.85185,0.4891,1,2,11,2.59483,1112,23.0,0.99281
sim07_lig_d30,edge_9,5.285,1.03704,0.01828,0,1,11,5.48074,192753,28.0,0.52198
sim07_lig_d30,edge_10,4.73714,4.0,0.01429,0,1,11,18.94855,54593,108.0,0.518
sim07_lig_d30,edge_11,4.77523,5.14815,0.01275,0,1,11,24.5836,59598,139.0,0.51646
sim07_lig_d30,edge_12,4.06318,4.44444,-0.02973,0,1,11,18.05859,11566,120.0,0.47398
sim07_rap_d15,edge_1,2.84261,0.53846,-0.50374,0,1,11,1.53064,696,7.0,0.0
sim07_rap_d15,edge_2,2.75891,5.61538,0.00149,0,1,11,15.49235,574,73.0,0.50523
sim07_rap_d15,edge_3,2.94448,0.07692,-0.0026,1,2,11,0.2265,880,1.0,0.50114
sim07_rap_d15,edge_4,3.13545,1.23077,-0.0052,1,2,11,3.85902,1366,16.0,0.49854
sim07_rap_d15,edge_5,2.86332,0.46154,-0.15169,0,1,11,1.32153,730,6.0,0.35205
sim07_rap_d15,edge_6,6.72563,1.0,0.0,0,1,11,6.72563,5316556,13.0,0.50374
sim07_rap_d15,edge_7,3.16197,2.0,-0.00374,1,2,11,6.32393,1452,26.0,0.5
sim07_rap_d15,edge_8,2.72428,5.53846,-0.00374,1,2,11,15.0883,530,72.0,0.5
sim07_rap_d15,edge_9,2.98272,2.15385,0.49522,0,1,11,6.42433,961,28.0,0.99896
sim07_rap_d15,edge_10,4.73714,4.07692,0.01426,0,1,11,19.31294,54593,53.0,0.518
sim07_rap_d15,edge_11,4.77523,5.23077,0.01272,0,1,11,24.97813,59598,68.0,0.51646
sim07_rap_d15,edge_12,4.06318,9.76923,-0.02976,0,1,11,39.69417,11566,127.0,0.47398
sim07_rap_d15,edge_13,5.285,1.07692,0.01824,0,1,11,5.69154,192753,14.0,0.52198
sim07_rap_d30,edge_1,3.38292,0.59259,-0.16706,0,1,10,2.00469,2415,16.0,0.33665
sim07_rap_d30,edge_2,6.72513,1.0,0.0,0,1,10,6.72513,5310492,27.0,0.50371
sim07_rap_d30,edge_3,2.9154,2.77778,-0.00675,0,1,10,8.09833,823,75.0,0.49696
sim07_rap_d30,edge_4,4.067,5.40741,-0.03045,0,1,10,21.99191,11668,146.0,0.47326
sim07_rap_d30,edge_5,2.83822,2.77778,-0.49645,0,1,10,7.88394,689,75.0,0.00726
sim07_rap_d30,edge_6,2.73957,3.25926,0.46351,0,1,10,8.92898,549,88.0,0.96721
sim07_rap_d30,edge_7,2.94101,4.2963,-0.00657,0,1,10,12.63547,873,116.0,0.49714
sim07_rap_d30,edge_8,5.28499,0.96296,0.01826,0,1,10,5.08925,192750,26.0,0.52197
sim07_rap_d30,edge_9,4.73714,3.92593,0.01429,0,1,10,18.59765,54593,106.0,0.518
sim07_rap_d30,edge_10,4.77523,4.88889,0.01275,0,1,10,23.34558,59598,132.0,0.51646
sim08_lig_d15,edge_1,2.87737,0.13333,-0.06442,0,1,3,0.38365,754,2.0,0.44297
sim08_lig_d15,edge_2,4.42182,1.8,0.05108,2,3,3,7.95927,26413,27.0,0.55847
sim08_lig_d15,edge_3,6.65103,1.0,0.0,1,3,3,6.65103,4477459,15.0,0.50739
sim08_lig_d15,edge_4,5.47196,1.0,-0.00562,1,3,3,5.47196,296453,15.0,0.50177
sim08_lig_d15,edge_5,5.17379,0.93333,0.02197,0,1,3,4.82887,149208,14.0,0.52936
sim08_lig_d30,edge_1,5.47776,0.93333,-0.00391,1,3,3,5.11258,300444,28.0,0.50356
sim08_lig_d30,edge_2,6.6517,1.0,0.0,1,3,3,6.6517,4484314,30.0,0.50747
sim08_lig_d30,edge_3,3.8803,0.8,0.06163,0,1,3,3.10424,7591,24.0,0.56909
sim08_lig_d30,edge_4,4.32958,1.16667,0.0412,2,3,3,5.05118,21359,35.0,0.54867
sim08_lig_d30,edge_5,5.17364,0.96667,0.02195,0,1,3,5.00119,149156,29.0,0.52942
sim08_rap_d15,edge_1,6.65165,1.0,0.0,1,3,2,6.65165,4483858,14.0,0.50746
sim08_rap_d15,edge_2,5.47761,1.07143,-0.00392,1,3,2,5.86887,300341,15.0,0.50354
sim08_rap_d15,edge_3,4.33078,1.07143,0.04138,2,3,2,4.64012,21418,15.0,0.54884
sim08_rap_d15,edge_4,5.17358,1.07143,0.02195,0,1,2,5.54312,149134,15.0,0.52941
sim08_rap_d30,edge_1,6.65229,1.0,0.0,1,3,2,6.65229,4490503,29.0,0.50746
sim08_rap_d30,edge_2,5.48666,1.0,-0.0038,1,3,2,5.48666,306665,29.0,0.50366
sim08_rap_d30,edge_3,4.17909,1.27586,0.05755,2,3,2,5.33194,15104,37.0,0.56502
sim08_rap_d30,edge_4,5.17365,1.03448,0.02196,0,1,2,5.35205,149158,30.0,0.52943
sim09_lig_d15,edge_1,3.71533,0.61538,0.16012,0,1,15,2.28636,5192,8.0,0.66699
sim09_lig_d15,edge_2,3.72321,0.30769,0.15948,0,1,15,1.1456,5287,4.0,0.66635
sim09_lig_d15,edge_3,3.17609,1.23077,0.1578,0,1,15,3.90904,1500,16.0,0.66467
sim09_lig_d15,edge_4,3.62982,0.07692,0.15941,0,1,15,0.27922,4264,1.0,0.66628
sim09_lig_d15,edge_5,2.98945,2.15385,0.47674,0,1,15,6.43881,976,28.0,0.98361
sim09_lig_d15,edge_6,2.9489,1.61538,-0.01418,0,1,15,4.76361,889,21.0,0.49269
sim09_lig_d15,edge_7,3.23147,1.61538,-0.00804,0,1,15,5.22007,1704,21.0,0.49883
sim09_lig_d15,edge_8,6.68926,1.0,0.0,0,1,15,6.68926,4889475,13.0,0.50687
sim09_lig_d15,edge_9,2.90146,0.69231,-0.17312,0,1,15,2.0087,797,9.0,0.33375
sim09_lig_d15,edge_10,4.4955,0.46154,-0.00209,0,1,15,2.07485,31297,6.0,0.50478
sim09_lig_d15,edge_11,3.99616,2.46154,0.00716,0,1,15,9.8367,9912,32.0,0.51402
sim09_lig_d15,edge_12,4.94416,5.0,0.03242,0,1,15,24.72081,87935,65.0,0.53928
sim09_lig_d15,edge_13,5.31146,2.07692,-0.05867,0,1,15,11.0315,204862,27.0,0.44819
sim09_lig_d15,edge_14,3.89631,0.46154,-0.02147,0,1,15,1.79829,7876,6.0,0.4854
sim09_lig_d15,edge_15,3.93359,2.38462,-0.04882,0,1,15,9.3801,8582,31.0,0.45805
sim09_lig_d30,edge_1,3.00988,2.46154,-0.00641,0,1,18,7.40892,1023,64.0,0.50049
sim09_lig_d30,edge_2,3.74663,0.23077,0.15816,0,1,18,0.86461,5580,6.0,0.66505
sim09_lig_d30,edge_3,2.8657,2.80769,0.48084,0,1,18,8.04599,734,73.0,0.98774
sim09_lig_d30,edge_4,2.91487,0.84615,-0.17478,0,1,18,2.46643,822,22.0,0.33212
sim09_lig_d30,edge_5,2.92273,1.23077,-0.16281,0,1,18,3.5972,837,32.0,0.34409
sim09_lig_d30,edge_6,2.94792,1.88462,0.15827,0,1,18,5.5557,887,49.0,0.66516
sim09_lig_d30,edge_7,3.59572,0.11538,0.00629,0,1,18,0.41489,3942,3.0,0.51319
sim09_lig_d30,edge_8,3.59017,0.03846,0.00518,0,1,18,0.13808,3892,1.0,0.51208
sim09_lig_d30,edge_9,6.68882,1.0,0.0,0,1,18,6.68882,4884453,26.0,0.5069
sim09_lig_d30,edge_10,3.65079,2.23077,-0.04991,0,1,18,8.14408,4475,58.0,0.45698
sim09_lig_d30,edge_11,3.55919,0.15385,-0.04249,0,1,18,0.54757,3624,4.0,0.4644
sim09_lig_d30,edge_12,2.75282,0.42308,-0.0069,0,1,18,1.16465,566,11.0,0.5
sim09_lig_d30,edge_13,3.02735,2.30769,0.15883,0,1,18,6.98619,1065,60.0,0.66573
sim09_lig_d30,edge_14,3.99974,3.30769,0.01952,0,1,18,13.22991,9994,86.0,0.52642
sim09_lig_d30,edge_15,5.31146,2.07692,-0.0587,0,1,18,11.0315,204862,54.0,0.44819
sim09_lig_d30,edge_16,4.94416,5.07692,0.03239,0,1,18,25.10113,87935,132.0,0.53928
sim09_lig_d30,edge_17,3.84386,1.46154,-0.02036,0,1,18,5.61794,6980,38.0,0.48653
sim09_lig_d30,edge_18,3.51799,3.46154,-0.0518,0,1,18,12.17765,3296,90.0,0.4551
sim09_rap_d15,edge_1,6.57143,1.0,-0.00065,0,1,12,6.57143,3727644,12.0,0.50539
sim09_rap_d15,edge_2,5.82205,1.08333,0.00366,0,1,12,6.30722,663815,13.0,0.5097
sim09_rap_d15,edge_3,5.17971,0.91667,0.01564,0,1,12,4.74807,151256,11.0,0.52168
sim09_rap_d15,edge_4,2.75205,5.41667,-0.0087,0,1,12,14.90693,565,65.0,0.49735
sim09_rap_d15,edge_5,3.92681,10.25,-0.05877,0,1,12,40.24975,8449,123.0,0.44727
sim09_rap_d15,edge_6,2.98767,2.0,0.48779,0,1,12,5.97533,972,24.0,0.99383
sim09_rap_d15,edge_7,5.49364,1.0,0.00632,0,1,12,5.49364,311628,12.0,0.51236
sim09_rap_d15,edge_8,4.71695,1.25,0.00314,0,1,12,5.89618,52113,15.0,0.50918
sim09_rap_d15,edge_9,4.03011,11.33333,0.01532,0,1,12,45.67462,10718,136.0,0.52137
sim09_rap_d15,edge_10,4.94416,5.33333,0.03324,0,1,12,26.36886,87935,64.0,0.53928
sim09_rap_d15,edge_11,5.31146,2.25,-0.05785,0,1,12,11.95079,204862,27.0,0.44819
sim09_rap_d15,edge_12,3.58138,22.08333,-0.02125,0,1,12,79.08882,3814,265.0,0.48479
sim09_rap_d30,edge_1,2.77085,1.04,0.47954,0,1,11,2.88169,590,26.0,0.98644
sim09_rap_d30,edge_2,3.21165,0.76,-0.17459,0,1,11,2.44086,1628,19.0,0.33231
sim09_rap_d30,edge_3,6.68882,1.0,0.0,0,1,11,6.68882,4884458,25.0,0.5069
sim09_rap_d30,edge_4,2.71181,15.72,-0.00593,0,1,11,42.62961,515,393.0,0.50097
sim09_rap_d30,edge_5,3.031,0.4,-0.5069,0,1,11,1.2124,1074,10.0,0.0
sim09_rap_d30,edge_6,3.73886,0.28,0.15338,0,1,11,1.04688,5481,7.0,0.66028
sim09_rap_d30,edge_7,3.89076,10.24,-0.0213,0,1,11,39.84134,7776,256.0,0.4856
sim09_rap_d30,edge_8,4.20545,2.96,0.01314,0,1,11,12.44813,16049,74.0,0.52003
sim09_rap_d30,edge_9,5.31146,2.04,-0.0587,0,1,11,10.83538,204862,51.0,0.44819
sim09_rap_d30,edge_10,4.94416,5.08,0.03239,0,1,11,25.11634,87935,127.0,0.53928
sim09_rap_d30,edge_11,4.13178,6.48,-0.05544,0,1,11,26.77393,13545,162.0,0.45146
sim10_lig_d15,edge_1,6.60305,1.0,-0.00028,1,2,5,6.60305,4009164,13.0,0.50782
sim10_lig_d15,edge_2,5.86265,1.0,0.00153,1,2,5,5.86265,728869,13.0,0.50962
sim10_lig_d15,edge_3,3.64177,0.0,-0.09011,0,1,5,0.0,4383,0.0,0.41798
sim10_lig_d15,edge_4,4.01724,4.38462,-0.00516,0,1,5,17.61406,10405,57.0,0.50293
sim10_lig_d15,edge_5,4.84566,6.23077,0.00615,0,1,5,30.1922,70091,81.0,0.51425
sim10_lig_d15,edge_6,3.76893,7.07692,-0.03295,0,1,5,26.67246,5874,92.0,0.47514
sim10_lig_d30,edge_1,6.60047,1.0,-0.00029,1,3,4,6.60047,3985371,28.0,0.50763
sim10_lig_d30,edge_2,5.86185,0.96429,0.00158,1,3,4,5.6525,727536,27.0,0.5095
sim10_lig_d30,edge_3,4.3797,1.10714,0.02558,2,3,4,4.84896,23972,31.0,0.5335
sim10_lig_d30,edge_4,4.0172,4.0,-0.00503,0,1,4,16.0688,10404,112.0,0.50288
sim10_lig_d30,edge_5,4.84566,5.82143,0.00632,0,1,4,28.20864,70090,163.0,0.51424
sim10_lig_d30,edge_6,3.76893,5.75,-0.03277,0,1,4,21.67137,5874,161.0,0.47514
sim10_rap_d15,edge_1,6.60038,1.0,-0.00029,1,3,5,6.60038,3984563,13.0,0.50763
sim10_rap_d15,edge_2,5.86184,1.0,0.00161,1,3,5,5.86184,727511,13.0,0.50953
sim10_rap_d15,edge_3,3.01828,1.76923,0.15746,0,1,5,5.34004,1043,23.0,0.66539
sim10_rap_d15,edge_4,4.39014,1.53846,0.02977,2,3,5,6.75406,24555,20.0,0.53769
sim10_rap_d15,edge_5,4.84566,6.46154,0.00632,0,1,5,31.31043,70091,84.0,0.51425
sim10_rap_d15,edge_6,4.01724,5.92308,-0.00499,0,1,5,23.79443,10405,77.0,0.50293
sim10_rap_d15,edge_7,4.06996,8.38462,-0.03261,0,1,5,34.12508,11748,109.0,0.47531
sim10_rap_d30,edge_1,5.86186,0.96296,0.00158,1,3,4,5.64475,727540,26.0,0.50949
sim10_rap_d30,edge_2,6.60047,1.0,-0.00029,1,3,4,6.60047,3985363,27.0,0.50763
sim10_rap_d30,edge_3,4.01724,5.74074,-0.00498,0,1,4,23.06195,10405,155.0,0.50293
sim10_rap_d30,edge_4,4.37965,1.07407,0.02527,2,3,4,4.70407,23969,29.0,0.53319
sim10_rap_d30,edge_5,4.84566,6.11111,0.00632,0,1,4,29.61234,70090,165.0,0.51424
sim10_rap_d30,edge_6,4.06985,8.33333,-0.03222,0,1,4,33.91544,11745,225.0,0.47569
sim11_lig_d15,edge_1,6.5077,1.0,-0.00213,2,5,9,6.5077,3218845,15.0,0.50877
sim11_lig_d15,edge_2,5.82873,1.0,0.00925,1,5,9,5.82873,674112,15.0,0.52015
sim11_lig_d15,edge_3,5.93433,0.93333,0.00072,1,5,9,5.53871,859668,14.0,0.51162
sim11_lig_d15,edge_4,3.71767,0.13333,0.00576,1,5,9,0.49569,5220,2.0,0.51667
sim11_lig_d15,edge_5,2.79169,4.13333,0.1563,0,1,9,11.53899,619,62.0,0.66721
sim11_lig_d15,edge_6,2.76343,0.73333,0.14772,0,1,9,2.02651,580,11.0,0.65862
sim11_lig_d15,edge_7,2.84198,0.13333,-0.17565,0,1,9,0.37893,695,2.0,0.33525
sim11_lig_d15,edge_8,2.93197,2.0,0.00021,1,2,9,5.86393,855,30.0,0.51111
sim11_lig_d15,edge_9,2.77012,2.46667,-0.01175,1,2,9,6.83295,589,37.0,0.49915
sim11_lig_d15,edge_10,3.7007,0.6,-0.17505,0,1,9,2.22042,5020,9.0,0.33586
sim11_lig_d15,edge_11,2.72181,4.46667,-0.48813,0,1,9,12.15742,527,67.0,0.02277
sim11_lig_d15,edge_12,3.81856,1.4,0.05888,3,5,9,5.34598,6585,21.0,0.56978
sim11_lig_d15,edge_13,3.45209,0.66667,-0.01337,0,1,9,2.3014,2832,10.0,0.49753
sim11_lig_d15,edge_14,5.02361,0.86667,0.01813,0,1,9,4.35379,105586,13.0,0.52903
sim11_lig_d30,edge_1,6.677,1.0,0.0,1,2,8,6.677,4753401,29.0,0.51106
sim11_lig_d30,edge_2,3.717,0.72414,0.00583,1,2,8,2.69162,5212,21.0,0.51688
sim11_lig_d30,edge_3,2.89982,0.2069,-0.17856,0,1,8,0.59996,794,6.0,0.33249
sim11_lig_d30,edge_4,3.36605,0.44828,0.48378,0,1,8,1.50892,2323,13.0,0.99483
sim11_lig_d30,edge_5,2.80072,2.03448,-0.48574,0,1,8,5.69801,632,59.0,0.02532
sim11_lig_d30,edge_6,2.90526,2.48276,-0.03096,0,1,8,7.21305,804,72.0,0.4801
sim11_lig_d30,edge_7,2.71433,5.93103,-0.01492,0,1,8,16.09878,518,172.0,0.49614
sim11_lig_d30,edge_8,3.0216,0.37931,0.15402,0,1,8,1.14613,1051,11.0,0.66508
sim11_lig_d30,edge_9,5.02359,1.0,0.01797,0,1,8,5.02359,105582,29.0,0.52903
sim11_rap_d15,edge_1,6.23173,0.93333,0.0028,2,5,10,5.81628,1705022,14.0,0.51537
sim11_rap_d15,edge_2,2.96142,1.93333,-0.51148,0,1,10,5.72541,915,29.0,0.00109
sim11_rap_d15,edge_3,3.86427,0.13333,-0.01148,0,1,10,0.51524,7316,2.0,0.50109
sim11_rap_d15,edge_4,3.10106,0.73333,-0.01178,0,1,10,2.27411,1262,11.0,0.50079
sim11_rap_d15,edge_5,3.48501,0.13333,0.47532,0,1,10,0.46467,3055,2.0,0.98789
sim11_rap_d15,edge_6,4.11378,0.66667,-0.02585,0,1,10,2.74252,12995,10.0,0.48673
sim11_rap_d15,edge_7,5.67697,1.0,-0.01162,1,5,10,5.67697,475297,15.0,0.50095
sim11_rap_d15,edge_8,4.15287,0.53333,-0.00185,0,1,10,2.21486,14219,8.0,0.51073
sim11_rap_d15,edge_9,3.71734,1.4,0.0043,1,5,10,5.20427,5216,21.0,0.51687
sim11_rap_d15,edge_10,6.3907,1.0,-0.00194,1,5,10,6.3907,2458664,15.0,0.51063
sim11_rap_d15,edge_11,3.0465,1.33333,0.00585,3,5,10,4.06199,1113,20.0,0.51842
sim11_rap_d15,edge_12,5.02359,0.93333,0.01644,0,1,10,4.68868,105581,14.0,0.52902
sim11_rap_d15,edge_13,4.84652,1.0,-0.02421,0,1,10,4.84652,70230,15.0,0.48837
sim11_rap_d15,edge_14,4.07111,0.93333,-0.02875,0,1,10,3.7997,11779,14.0,0.48383
sim11_rap_d30,edge_1,6.67681,1.0,0.0,1,3,8,6.67681,4751319,29.0,0.51105
sim11_rap_d30,edge_2,2.716,6.86207,0.15818,0,1,8,18.6374,520,199.0,0.66923
sim11_rap_d30,edge_3,2.93952,0.58621,0.4809,0,1,8,1.72317,870,17.0,0.99195
sim11_rap_d30,edge_4,2.97727,1.58621,0.00844,2,3,8,4.72256,949,46.0,0.51949
sim11_rap_d30,edge_5,3.7175,0.96552,0.00581,1,3,8,3.58931,5218,28.0,0.51686
sim11_rap_d30,edge_6,2.90363,1.13793,-0.49982,0,1,8,3.30413,801,33.0,0.01124
sim11_rap_d30,edge_7,3.85703,0.24138,-0.17693,0,1,8,0.93101,7195,7.0,0.33412
sim11_rap_d30,edge_8,2.82543,3.03448,0.00165,0,1,8,8.57371,669,88.0,0.51271
sim11_rap_d30,edge_9,5.02359,0.96552,0.01798,0,1,8,4.85037,105583,28.0,0.52903
sim11_rap_d30,edge_10,3.39985,0.65517,-0.01165,0,1,8,2.22749,2511,19.0,0.4994
sim12_lig_d15,edge_1,5.32692,1.0,0.01672,1,22,12,5.32692,212283,15.0,0.52359
sim12_lig_d15,edge_2,3.86617,2.06667,0.0051,3,22,12,7.99008,7348,31.0,0.51198
sim12_lig_d15,edge_3,3.8179,0.86667,0.05267,2,22,12,3.30884,6575,13.0,0.55954
sim12_lig_d15,edge_4,2.94052,8.26667,0.04244,6,22,12,24.30827,872,124.0,0.54931
sim12_lig_d15,edge_5,5.21608,0.93333,0.01032,2,22,12,4.86834,164467,14.0,0.51719
sim12_lig_d15,edge_6,6.06138,1.0,0.00036,1,22,12,6.06138,1151802,15.0,0.50723
sim12_lig_d15,edge_7,3.05918,1.86667,0.00011,3,22,12,5.71048,1146,28.0,0.50698
sim12_lig_d15,edge_8,3.3948,2.2,-0.01574,3,22,12,7.46856,2482,33.0,0.49114
sim12_lig_d15,edge_9,5.80154,1.0,0.00686,2,22,12,5.80154,633203,15.0,0.51373
sim12_lig_d15,edge_10,2.935,9.6,0.039,3,22,12,28.17603,861,144.0,0.54588
sim12_lig_d15,edge_11,2.98046,8.33333,0.00149,7,22,12,24.83715,956,125.0,0.50837
sim12_lig_d15,edge_12,3.50379,1.8,0.05018,2,22,12,6.30682,3190,27.0,0.55705
sim12_lig_d15,edge_13,3.33385,8.93333,0.02071,4,22,12,29.78239,2157,134.0,0.52758
sim12_lig_d15,edge_14,3.60821,1.4,-0.007,3,22,12,5.05149,4057,21.0,0.49988
sim12_lig_d15,edge_15,4.93236,1.06667,0.02008,2,22,12,5.26119,85578,16.0,0.52696
sim12_lig_d15,edge_16,5.56786,1.0,0.01013,2,22,12,5.56786,369709,15.0,0.51701
sim12_lig_d15,edge_17,2.72997,7.13333,-0.0227,2,22,12,19.47382,537,107.0,0.48417
sim12_lig_d15,edge_18,5.51296,0.93333,0.01076,2,22,12,5.14543,325805,14.0,0.51763
sim12_lig_d15,edge_19,4.79499,0.8,0.00166,1,22,12,3.83599,62372,12.0,0.50853
sim12_lig_d15,edge_20,6.20266,1.0,-0.00298,1,22,12,6.20266,1594641,15.0,0.50389
sim12_lig_d15,edge_21,4.73912,2.66667,0.02667,3,22,12,12.63766,54843,40.0,0.53354
sim12_lig_d15,edge_22,3.93455,1.8,-0.06123,1,22,12,7.08219,8601,27.0,0.44565
sim12_lig_d15,edge_23,3.17754,0.86667,-0.069,0,1,12,2.75386,1505,13.0,0.43787
sim12_lig_d15,edge_24,3.36791,0.2,-0.06067,0,1,12,0.67358,2333,3.0,0.44621
sim12_lig_d15,edge_25,3.71717,0.93333,0.00406,0,1,12,3.46936,5214,14.0,0.51093
sim12_lig_d15,edge_26,2.89098,0.4,-0.17011,0,1,12,1.15639,778,6.0,0.33676
sim12_lig_d15,edge_27,2.89597,0.86667,-0.1422,0,1,12,2.50984,787,13.0,0.36468
sim12_lig_d15,edge_28,4.77725,1.0,-0.01128,0,1,12,4.77725,59876,15.0,0.49559
sim12_lig_d15,edge_29,3.33586,4.0,0.00351,0,1,12,13.34344,2167,60.0,0.51038
sim12_lig_d15,edge_30,3.35044,0.06667,0.00361,0,1,12,0.22336,2241,1.0,0.51049
sim12_lig_d15,edge_31,3.66745,6.46667,-0.06881,0,1,12,23.7162,4650,97.0,0.43806
sim12_lig_d15,edge_32,5.32274,0.93333,0.00843,0,1,12,4.96789,210253,14.0,0.51531
sim12_lig_d15,edge_33,3.60949,0.0,0.00922,0,1,12,0.0,4069,0.0,0.5161
sim12_lig_d30,edge_1,2.89763,0.9,-0.14384,0,1,9,2.60786,790,27.0,0.36582
sim12_lig_d30,edge_2,2.89042,0.46667,-0.17118,0,1,9,1.34886,777,14.0,0.33848
sim12_lig_d30,edge_3,3.93455,1.9,-0.06401,1,19,9,7.47564,8601,57.0,0.44565
sim12_lig_d30,edge_4,6.45929,1.0,-0.00065,2,19,9,6.45929,2879342,30.0,0.50901
sim12_lig_d30,edge_5,4.73202,2.83333,0.02387,3,19,9,13.4074,53954,85.0,0.53353
sim12_lig_d30,edge_6,4.39321,0.9,0.03792,2,19,9,3.95389,24729,27.0,0.54758
sim12_lig_d30,edge_7,3.36661,0.26667,-0.06555,0,1,9,0.89776,2326,8.0,0.44411
sim12_lig_d30,edge_8,3.20871,0.7,-0.06192,0,1,9,2.2461,1617,21.0,0.44774
sim12_lig_d30,edge_9,3.71725,0.76667,0.00117,0,1,9,2.84989,5215,23.0,0.51083
sim12_lig_d30,edge_10,5.75417,0.96667,0.00835,3,19,9,5.56237,567772,29.0,0.51801
sim12_lig_d30,edge_11,2.99255,8.13333,-0.00101,5,19,9,24.33944,983,244.0,0.50865
sim12_lig_d30,edge_12,2.88874,9.46667,0.03944,3,19,9,27.34675,774,284.0,0.5491
sim12_lig_d30,edge_13,2.71684,2.93333,-0.04325,4,19,9,7.96939,521,88.0,0.46641
sim12_lig_d30,edge_14,2.79865,4.5,-0.03589,2,19,9,12.59393,629,135.0,0.47377
sim12_lig_d30,edge_15,2.94101,4.66667,0.03788,4,19,9,13.72473,873,140.0,0.54754
sim12_lig_d30,edge_16,3.77188,1.0,0.07049,3,19,9,3.77188,5914,30.0,0.58015
sim12_lig_d30,edge_17,3.50311,0.53333,0.0467,2,19,9,1.86833,3185,16.0,0.55636
sim12_lig_d30,edge_18,3.33385,5.5,0.01653,4,19,9,18.33618,2157,165.0,0.52619
sim12_lig_d30,edge_19,6.08426,1.0,-0.00237,2,19,9,6.08426,1214127,30.0,0.50729
sim12_lig_d30,edge_20,3.60831,1.2,-0.00966,4,19,9,4.32997,4058,36.0,0.5
sim12_lig_d30,edge_21,3.05956,0.76667,-0.00138,2,19,9,2.34567,1147,23.0,0.50828
sim12_lig_d30,edge_22,3.39445,1.8,-0.01813,3,19,9,6.11001,2480,54.0,0.49153
sim12_lig_d30,edge_23,2.83378,0.56667,-0.12989,2,19,9,1.60581,682,17.0,0.37977
sim12_lig_d30,edge_24,5.32279,1.0,0.00563,0,1,9,5.32279,210275,30.0,0.51529
sim12_lig_d30,edge_25,3.60552,0.0,0.00721,0,1,9,0.0,4032,0.0,0.51687
sim12_lig_d30,edge_26,3.87651,1.9,0.00184,3,19,9,7.36536,7525,57.0,0.5115
sim12_lig_d30,edge_27,3.94954,3.96667,-0.06711,0,1,9,15.66649,8903,119.0,0.44255
sim12_rap_d15,edge_1,5.32273,1.0,0.0066,0,1,9,5.32273,210246,14.0,0.51527
sim12_rap_d15,edge_2,2.74273,1.35714,-0.06383,2,4,9,3.72227,553,19.0,0.44485
sim12_rap_d15,edge_3,3.72599,31.5,-0.06026,2,4,9,117.36879,5321,441.0,0.44841
sim12_rap_d15,edge_4,2.96942,0.14286,-0.01404,1,4,9,0.4242,932,2.0,0.49464
sim12_rap_d15,edge_5,3.57113,0.78571,-0.08478,3,4,9,2.80588,3725,11.0,0.42389
sim12_rap_d15,edge_6,6.45062,1.0,0.00049,2,17,9,6.45062,2822401,14.0,0.50917
sim12_rap_d15,edge_7,6.08833,1.0,-0.00113,2,17,9,6.08833,1225540,14.0,0.50755
sim12_rap_d15,edge_8,2.94002,5.92857,0.04127,5,17,9,17.43011,871,83.0,0.54994
sim12_rap_d15,edge_9,4.51673,0.85714,0.01404,2,17,9,3.87149,32865,12.0,0.52271
sim12_rap_d15,edge_10,5.34197,1.0,0.01113,2,17,9,5.34197,219772,14.0,0.5198
sim12_rap_d15,edge_11,5.46024,1.0,0.00285,2,17,9,5.46024,288562,14.0,0.51152
sim12_rap_d15,edge_12,3.37346,9.14286,0.01016,2,17,9,30.8431,2363,128.0,0.51883
sim12_rap_d15,edge_13,3.09517,8.5,0.02385,2,17,9,26.30894,1245,119.0,0.53253
sim12_rap_d15,edge_14,2.97772,4.42857,0.0029,4,17,9,13.18706,950,62.0,0.51158
sim12_rap_d15,edge_15,3.50284,2.21429,0.04772,2,17,9,7.75628,3183,31.0,0.55639
sim12_rap_d15,edge_16,3.63599,2.0,0.05618,3,17,9,7.27197,4325,28.0,0.56486
sim12_rap_d15,edge_17,4.68567,1.0,-0.01794,2,17,9,4.68567,48492,14.0,0.49074
sim12_rap_d15,edge_18,4.47867,1.07143,0.05382,2,17,9,4.79857,30107,15.0,0.56249
sim12_rap_d15,edge_19,3.9346,0.57143,-0.06308,1,17,9,2.24834,8602,8.0,0.44559
sim12_rap_d15,edge_20,3.37438,0.14286,-0.06315,0,1,9,0.48205,2368,2.0,0.44552
sim12_rap_d15,edge_21,3.20844,0.07143,-0.06004,0,1,9,0.22917,1616,1.0,0.44864
sim12_rap_d15,edge_22,4.75058,2.35714,0.02433,3,17,9,11.19779,56309,33.0,0.53301
sim12_rap_d15,edge_23,3.67952,0.5,0.01527,0,1,9,1.83976,4781,7.0,0.52395
sim12_rap_d15,edge_24,3.59934,0.14286,0.00755,0,1,9,0.51419,3975,2.0,0.51623
sim12_rap_d15,edge_25,2.89209,0.28571,-0.1715,0,1,9,0.82631,780,4.0,0.33718
sim12_rap_d15,edge_26,2.89708,0.07143,-0.14366,0,1,9,0.20693,789,1.0,0.36502
sim12_rap_d15,edge_27,3.87651,2.07143,0.00308,3,17,9,8.02991,7525,29.0,0.51176
sim12_rap_d15,edge_28,3.59715,1.5,0.05921,3,17,9,5.39572,3955,21.0,0.56789
sim12_rap_d30,edge_1,5.32275,1.03448,0.00598,0,1,9,5.50629,210256,30.0,0.51531
sim12_rap_d30,edge_2,3.71725,0.68966,0.00132,0,1,9,2.56362,5215,20.0,0.51064
sim12_rap_d30,edge_3,3.59988,0.72414,0.00675,0,1,9,2.60681,3980,21.0,0.51608
sim12_rap_d30,edge_4,4.75028,2.65517,0.0237,3,23,9,12.61282,56271,77.0,0.53303
sim12_rap_d30,edge_5,3.3668,0.31034,-0.06541,0,1,9,1.04487,2327,9.0,0.44392
sim12_rap_d30,edge_6,3.20871,0.03448,-0.0622,0,1,9,0.11065,1617,1.0,0.44712
sim12_rap_d30,edge_7,4.39319,0.96552,0.03827,2,23,9,4.2417,24728,28.0,0.5476
sim12_rap_d30,edge_8,2.89098,0.34483,-0.17256,0,1,9,0.99689,778,10.0,0.33676
sim12_rap_d30,edge_9,2.89818,0.03448,-0.14523,0,1,9,0.09994,791,1.0,0.3641
sim12_rap_d30,edge_10,3.73119,1.72414,0.12169,4,23,9,6.43308,5385,50.0,0.63101
sim12_rap_d30,edge_11,6.08836,1.0,-0.00178,2,23,9,6.08836,1225619,29.0,0.50754
sim12_rap_d30,edge_12,3.77217,1.03448,0.07077,4,23,9,3.90225,5918,30.0,0.58009
sim12_rap_d30,edge_13,3.59704,1.7931,0.05845,3,23,9,6.44986,3954,52.0,0.56778
sim12_rap_d30,edge_14,6.2325,0.96552,0.00105,2,23,9,6.01758,1708037,28.0,0.51037
sim12_rap_d30,edge_15,3.63538,2.75862,0.05539,3,23,9,10.02864,4319,80.0,0.56471
sim12_rap_d30,edge_16,5.74311,0.96552,0.00684,2,23,9,5.54507,553488,28.0,0.51617
sim12_rap_d30,edge_17,3.05956,1.34483,-0.00017,2,23,9,4.11459,1147,39.0,0.50915
sim12_rap_d30,edge_18,2.72997,4.03448,-0.02515,2,23,9,11.01403,537,117.0,0.48417
sim12_rap_d30,edge_19,3.33365,5.31034,0.01804,5,23,9,17.70282,2156,154.0,0.52737
sim12_rap_d30,edge_20,2.94002,4.93103,0.03832,4,23,9,14.49733,871,143.0,0.54765
sim12_rap_d30,edge_21,3.3941,1.96552,-0.0182,3,23,9,6.67116,2478,57.0,0.49112
sim12_rap_d30,edge_22,3.8654,1.72414,0.00233,3,23,9,6.66448,7335,50.0,0.51166
sim12_rap_d30,edge_23,3.07225,9.17241,0.03936,4,23,9,28.17995,1181,266.0,0.54869
sim12_rap_d30,edge_24,3.01072,7.93103,0.0058,5,23,9,23.87815,1025,230.0,0.51512
sim12_rap_d30,edge_25,2.74586,8.48276,-0.03536,6,23,9,23.29243,557,246.0,0.47397
sim12_rap_d30,edge_26,3.5092,0.58621,0.04764,2,23,9,2.05712,3230,17.0,0.55697
sim12_rap_d30,edge_27,3.6081,0.62069,-0.00957,2,23,9,2.23951,4056,18.0,0.49975
sim12_rap_d30,edge_28,6.04269,1.0,-0.00307,2,23,9,6.04269,1103301,29.0,0.50625
sim12_rap_d30,edge_29,3.93455,2.0,-0.06368,1,23,9,7.8691,8601,58.0,0.44565
sim12_rap_d30,edge_30,4.68202,0.96552,-0.01889,2,23,9,4.52057,48086,28.0,0.49043
sim12_rap_d30,edge_31,3.95837,16.62069,-0.06854,0,1,9,65.79088,9086,482.0,0.44079
